stepAvg,stepLast,bucketSize,loss,grad,drop,mfu,tps,pnorm
0,0,1,11.801494598388672,1.1348031759262085,0.10431976345452396,4.483249023584555,526961.0916841651,4756.2431640625
8,15,15,11.791367276509602,1.1386994123458862,0.0026775028105034972,20.727785952795344,2436343.9676048886,4756.2470703125
23.5,31,16,11.729131162166595,1.1420628428459167,0.00232109905813228,21.298167658964296,2503386.6335327225,4756.248291015625
39.5,47,16,11.609211087226868,1.1921601295471191,0.0025753797081327348,21.240557642561352,2496615.1521860617,4756.2529296875
55.5,63,16,11.441516995429993,1.2822410464286804,0.002642271468754519,21.33547451324435,2507771.681196883,4756.2646484375
71.5,79,16,11.230396330356598,1.4072513580322266,0.0028324271199490986,21.280777869349254,2501342.637655738,4756.28662109375
87.5,95,16,10.987010896205902,1.4823926091194153,0.003673622857384158,21.33207885090134,2507372.555043986,4756.33544921875
103.5,111,16,10.729790270328522,1.518039584159851,0.0046681604298734755,21.288843102924766,2502290.6252128165,4756.447998046875
119.5,127,16,10.465435266494751,1.4512690305709839,0.00533040554728359,21.344696218388968,2508855.600422568,4756.568359375
135.5,143,16,10.198052406311035,1.3780729174613953,0.006019925416419001,21.315168016590302,2505384.855573589,4756.735595703125
151.5,159,16,9.933193862438202,1.3018217086791992,0.006922619625446246,21.33844098733585,2508120.3605625588,4756.97412109375
167.5,175,16,9.686177968978882,1.2139170169830322,0.008443362841551954,19.934191398933514,2343064.863486939,4757.227294921875
183.5,191,16,9.457064092159271,1.1144304275512695,0.010642720213526805,20.91624499843824,2458495.443890793,4757.6435546875
199.5,207,16,9.24203073978424,1.0436902046203613,0.01285169231282039,21.136982826706948,2484440.9682969893,4758.197265625
215.5,223,16,9.04193526506424,1.0072806775569916,0.01520118893434604,21.318165622014625,2505737.194116135,4758.942138671875
231.5,239,16,8.859411180019379,0.989715576171875,0.017878294121615138,21.155762603621266,2486648.34328158,4759.52783203125
247.5,255,16,8.689346730709076,0.9596464931964874,0.019924481956739768,21.320390751617406,2505998.7358503668,4760.381103515625
263.5,271,16,8.527113139629364,0.9443104863166809,0.022373377260836685,21.228460620301387,2495193.2681857077,4761.50537109375
279.5,287,16,8.376810014247894,0.9245818853378296,0.023972137242019402,21.274090218238335,2500556.571141995,4762.89794921875
295.5,303,16,8.221988797187805,0.9022530317306519,0.025199377256671363,21.149531958735942,2485915.9932797416,4764.4482421875
311.5,319,16,8.089285612106323,0.8904579281806946,0.025619522851863592,19.923811238339038,2341844.779407303,4765.71044921875
327.5,335,16,7.940764844417572,0.881883442401886,0.025771874359413756,21.26496106612909,2499483.5306001175,4767.148681640625
343.5,351,16,7.793894171714783,0.8636001348495483,0.02561530573505231,21.117934376596367,2482202.0134648224,4769.446533203125
359.5,367,16,7.646642714738846,0.8469375967979431,0.02491076964405224,21.31586754386522,2505467.0780097097,4771.6962890625
375.5,383,16,7.507248073816299,0.8532886505126953,0.024697038186290723,21.20352609140135,2492262.4636507216,4774.248046875
391.5,399,16,7.372007757425308,0.8620791435241699,0.02429470410358838,21.298051348441657,2503372.962393854,4776.38720703125
407.5,415,16,7.240403652191162,0.867082417011261,0.02404924119103023,21.233046068958046,2495732.2418222963,4778.52392578125
423.5,431,16,7.1068722903728485,0.8713935911655426,0.02365846664884664,20.758928651791187,2440004.480454946,4781.31396484375
439.5,447,16,6.972043454647064,0.9639358520507812,0.023409892303982015,19.957303105298948,2345781.413460617,4783.3291015625
455.5,463,16,6.83078533411026,1.0185409784317017,0.023530864897607404,21.176352609897187,2489068.492625921,4785.451171875
471.5,479,16,6.698034167289734,1.0491670370101929,0.023906852827746083,21.22165967409483,2494393.8849663856,4787.29931640625
487.5,495,16,6.5675656497478485,1.1098347306251526,0.023520634336763935,21.245115176765506,2497150.844757894,4788.546875
503.5,511,16,6.433491110801697,1.134385347366333,0.024479549374628925,21.248958120871958,2497602.544409411,4789.724853515625
519.5,527,16,6.313773304224014,1.1683520078659058,0.02424768584596953,21.220402538864626,2494246.121291021,4790.26416015625
535.5,543,16,6.1748948097229,1.2571982741355896,0.02485364045820792,21.192351510043153,2490949.0033542593,4790.508544921875
551.5,559,16,6.044258534908295,1.085088849067688,0.024435987840688816,21.349122688960165,2509375.88777494,4790.46337890625
567.5,575,16,5.922425299882889,1.1070841550827026,0.02467084230121338,20.967291891674844,2464495.4957383564,4790.141845703125
583.5,591,16,5.798081070184708,1.0847182273864746,0.024155277533061577,21.114272468879843,2481771.5928306356,4789.475341796875
599.5,607,16,5.674297899007797,1.1438193321228027,0.024528663026902712,21.270044106807045,2500080.9912030506,4788.728515625
615.5,623,16,5.562412351369858,1.0165086388587952,0.023962010819972915,20.102830785398368,2362886.737026637,4787.914794921875
631.5,639,16,5.452080279588699,1.0773794651031494,0.024354468046856877,21.07856620154281,2477574.6781562762,4786.89404296875
647.5,655,16,5.339508473873138,1.0323804020881653,0.024371051374173752,21.34490061476463,2508879.625172629,4786.6552734375
663.5,671,16,5.21960836648941,1.0280804634094238,0.023740295782882833,21.207317155812326,2492708.065362815,4785.187255859375
679.5,687,16,5.101778715848923,1.0550204515457153,0.02441741720505172,21.34556787145363,2508958.0545240706,4784.0498046875
695.5,703,16,5.001791179180145,1.0491287112236023,0.024835813758810135,21.280283973549274,2501284.585143249,4782.82763671875
711.5,719,16,4.894122362136841,0.9175689220428467,0.023427482930745817,21.321564137959403,2506136.655681385,4781.79541015625
727.5,735,16,4.7818489372730255,1.0533968210220337,0.023550791962241583,21.231904595760074,2495598.073062237,4780.747314453125
743.5,751,16,4.674777239561081,0.971229076385498,0.023537876299638865,21.260826885880114,2498997.5990523137,4779.87841796875
759.5,767,16,4.5743774473667145,1.035487413406372,0.023408178730416253,21.2338743315654,2495829.5958094327,4778.9697265625
775.5,783,16,4.465996861457825,0.967631608247757,0.02272591474959909,21.344205668552632,2508797.941194646,4778.148193359375
791.5,799,16,4.373768180608749,0.9635992646217346,0.023425624088497098,19.97769781886049,2348178.608099247,4777.52294921875
807.5,815,16,4.269902437925339,0.8768011927604675,0.022469526904663355,21.26427684334062,2499403.1070533386,4776.689453125
823.5,831,16,4.154882609844208,1.0410634875297546,0.022488444517931028,20.99124943440504,2467311.465318623,4775.8759765625
839.5,847,16,4.035524860024452,0.9353798627853394,0.02251832757963601,21.163547673659053,2487563.4004163435,4775.28271484375
855.5,863,16,3.930170953273773,0.961142510175705,0.02284801908006722,21.279307791535793,2501169.8447090676,4774.693603515625
871.5,879,16,3.8270141035318375,1.0143027305603027,0.022023033333067415,21.229829730067042,2495354.193348006,4774.16455078125
887.5,895,16,3.7238010466098785,1.0098040699958801,0.024145264090321056,21.247706938549868,2497455.480438867,4773.701171875
903.5,911,16,3.6310208588838577,0.9524477422237396,0.0232449628687887,21.125297021570823,2483067.4187575043,4773.16015625
919.5,927,16,3.5387282371520996,0.9345977306365967,0.02392100476109507,21.27233776977332,2500350.588348849,4772.82177734375
935.5,943,16,3.4500042647123337,0.9723071753978729,0.023873246190222828,20.034796886355707,2354890.0325111276,4772.92041015625
951.5,959,16,3.3669255524873734,1.1837677955627441,0.026464634380924206,21.081195044250812,2477883.6723290267,4772.59326171875
967.5,975,16,3.293028801679611,1.0823445320129395,0.02452056851082792,21.154735423358886,2486527.608513208,4772.3076171875
983.5,991,16,3.2248460948467255,1.0061995685100555,0.025642985933121636,21.261186017665846,2499039.811402525,4772.230224609375
999.5,1007,16,3.1579664200544357,0.9467374682426453,0.02658730315989956,21.214451682859206,2493546.657674216,4772.23583984375
1015.5,1023,16,3.089875340461731,1.0735002160072327,0.02709454561894139,21.305530866446766,2504252.104942597,4772.071044921875
1031.5,1039,16,3.030198484659195,0.9956085681915283,0.027928576363730386,21.19314994454374,2491042.8513457174,4771.8564453125
1047.5,1055,16,2.9812310338020325,1.05919948220253,0.027311088824221355,20.959354005615705,2463562.476608394,4771.745361328125
1063.5,1071,16,2.93060165643692,1.0386285781860352,0.028547952882945538,21.17060946077504,2488393.4428762435,4771.55126953125
1079.5,1087,16,2.884281799197197,1.063188910484314,0.029216728518914548,19.82394798839006,2330106.8529759557,4771.36181640625
1095.5,1103,16,2.836205780506134,1.0335467457771301,0.02989613831706458,21.204443839203805,2492370.3357277196,4771.328369140625
1111.5,1119,16,2.79226653277874,1.081606149673462,0.03016011520980321,21.14797297311746,2485732.7501096404,4771.17138671875
1127.5,1135,16,2.7551179677248,0.9108881950378418,0.02932904978198084,21.27246021757576,2500364.980863588,4771.0830078125
1143.5,1151,16,2.716865912079811,0.9736191928386688,0.03142614186755523,21.22386807578241,2494653.4605014594,4770.941650390625
1159.5,1167,16,2.68320894241333,0.7825236916542053,0.030601147138936954,21.241550602093028,2496731.864649737,4770.9111328125
1175.5,1183,16,2.649530991911888,0.9309559762477875,0.030685360278849574,21.22068951270257,2494279.8521960257,4771.2978515625
1191.5,1199,16,2.617887243628502,1.000341773033142,0.03153283955091893,21.202365750127846,2492126.0771370577,4771.2587890625
1207.5,1215,16,2.5891566425561905,0.9330180287361145,0.03172666763632812,20.80155449580371,2445014.722173984,4771.18505859375
1223.5,1231,16,2.55923368036747,1.0015184581279755,0.03178259209292292,21.20976911400213,2492996.2685292386,4771.108642578125
1239.5,1247,16,2.5326022803783417,0.9522584080696106,0.03139806416055019,21.133841245677992,2484071.7068618285,4771.087890625
1255.5,1263,16,2.5042360574007034,0.979049026966095,0.03274372765074738,21.27833059248584,2501054.98473242,4771.266845703125
1271.5,1279,16,2.4765749126672745,0.8978875875473022,0.03131112590375723,21.178430987240006,2489312.785099469,4771.3896484375
1287.5,1295,16,2.4520227313041687,0.8163933157920837,0.033556599829656385,21.26962750652936,2500032.0240062764,4771.39306640625
1303.5,1311,16,2.43265163898468,0.8220290541648865,0.0341499579901045,21.219978492599186,2494196.278892843,4771.37548828125
1319.5,1327,16,2.4102068692445755,0.8943628668785095,0.032361392975982395,21.29986476535414,2503586.111418335,4771.39208984375
1335.5,1343,16,2.3933326303958893,0.8327507078647614,0.03266643123898768,20.74727452501616,2438634.654390035,4771.824951171875
1351.5,1359,16,2.373527854681015,0.8606828451156616,0.03358435976869342,21.32110246092378,2506082.390162468,4771.81005859375
1367.5,1375,16,2.351642057299614,0.8359561860561371,0.03368436765617154,21.200499293363062,2491906.69380832,4771.78466796875
1383.5,1391,16,2.3314063251018524,0.8149794340133667,0.033770001101815564,19.90514948599683,2339651.277030955,4772.015380859375
1399.5,1407,16,2.309142902493477,0.751650869846344,0.03301778306591917,21.06056331048626,2475458.6183356587,4772.22607421875
1415.5,1423,16,2.295928508043289,0.8027354776859283,0.0355170804823777,21.26677366933301,2499696.5839812933,4772.248291015625
1431.5,1439,16,2.2749265879392624,0.8363708853721619,0.03426576397649831,21.13956925998662,2484744.9776655193,4772.25390625
1447.5,1455,16,2.2565128803253174,0.7569537162780762,0.03495290887781955,21.330444728050022,2507180.4802435124,4772.507080078125
1463.5,1471,16,2.2407249957323074,0.7931790351867676,0.03460592527831481,21.182397948554403,2489779.061733648,4772.740478515625
1479.5,1487,16,2.2234001755714417,0.7348256707191467,0.0344134302788668,21.19309456016049,2491036.3414652925,4772.74560546875
1495.5,1503,16,2.2099575102329254,0.6680026948451996,0.03602268302700285,21.309549444101815,2504724.448561473,4772.780029296875
1511.5,1519,16,2.191109985113144,0.7819559574127197,0.03525906900000392,21.194671173205325,2491221.656563093,4772.82373046875
1527.5,1535,16,2.179048404097557,0.7126922011375427,0.03579238751042409,21.373521461746883,2512243.7195361936,4772.854736328125
1543.5,1551,16,2.1672423183918,0.7240511178970337,0.03504321633866339,21.167252461260652,2487998.8611522354,4773.124267578125
1559.5,1567,16,2.148907631635666,0.6717177629470825,0.035412146741609,18.741064297011185,2202824.703540558,4773.3828125
1575.5,1583,16,2.1424689441919327,0.6825096905231476,0.03602778884074227,20.707192812228545,2433923.449855997,4773.39990234375
1591.5,1599,16,2.12695275247097,0.6794481873512268,0.03685524215159769,21.191636530855018,2490864.9647002546,4773.869140625
1607.5,1615,16,2.1140240132808685,0.667694479227066,0.036414525312879545,21.26977732958907,2500049.634208764,4773.913818359375
1623.5,1631,16,2.0991344451904297,0.5969933271408081,0.03645494276177928,21.199731788291487,2491816.481261959,4773.99951171875
1639.5,1647,16,2.0910232216119766,0.6285167336463928,0.03736574821188256,21.238578493540892,2496382.523009556,4774.0244140625
1655.5,1663,16,2.0787864327430725,0.6213154494762421,0.03725004303410198,21.209424682172298,2492955.784011849,4774.085693359375
1671.5,1679,16,2.066017061471939,0.6108246445655823,0.03738267994909124,20.89395059805875,2455874.9600629667,4774.15283203125
1687.5,1695,16,2.0540609806776047,0.5943741798400879,0.03741907250051472,21.19212842135463,2490922.781509739,4774.65185546875
1703.5,1711,16,2.046389415860176,0.5755624771118164,0.037636511038396166,21.299412061153348,2503532.900566426,4774.748779296875
1719.5,1727,16,2.032653123140335,0.5739381909370422,0.037612434339032254,19.93741032558042,2343443.2161260587,4775.23486328125
1735.5,1743,16,2.0235471725463867,0.5666703581809998,0.03934493600249742,21.22083884832316,2494297.4051049184,4775.32373046875
1751.5,1759,16,2.011859282851219,0.5547648072242737,0.03760914764522265,21.24390287080175,2497008.350314521,4775.40283203125
1767.5,1775,16,2.006061479449272,0.577210545539856,0.038509928081607955,21.224780837967568,2494760.7465689983,4775.490234375
1783.5,1791,16,1.995552808046341,0.5120127350091934,0.03886940246659585,21.224299429964113,2494704.1618721164,4775.797119140625
1799.5,1807,16,1.984704002737999,0.599800169467926,0.03958137688283442,21.210801306470117,2493117.5924322605,4776.1201171875
1815.5,1823,16,1.9760015830397606,0.5237806439399719,0.03939189463077734,20.928089539197753,2459887.651215502,4776.871826171875
1831.5,1839,16,1.9693282395601273,0.5224355459213257,0.039735970471872745,21.099021977735372,2479979.0500965756,4777.16259765625
1847.5,1855,16,1.962233379483223,0.4887687563896179,0.03950622306332331,21.293743409676495,2502866.6072700014,4777.237060546875
1863.5,1871,16,1.9554032310843468,0.49893809854984283,0.040269615590769914,21.217253178357875,2493875.9454560373,4777.35595703125
1879.5,1887,16,1.9479271173477173,0.4445638954639435,0.041120688236939415,21.305312364256615,2504226.422195095,4777.40576171875
1895.5,1903,16,1.9385560601949692,0.46037647128105164,0.039834245503174534,19.826080660335656,2330357.527237132,4777.52197265625
1911.5,1919,16,1.9319170713424683,0.44244110584259033,0.04071174329146743,21.295813196530567,2503109.890017499,4778.4990234375
1927.5,1935,16,1.9213406890630722,0.45792411267757416,0.040216957169556714,21.24343069053211,2496952.850245475,4778.614013671875
1943.5,1951,16,1.9162659123539925,0.42442260682582855,0.04055897099191718,21.250725045465483,2497810.228726706,4778.756103515625
1959.5,1967,16,1.9088073745369911,0.4706417918205261,0.04118392926245702,21.244950669608617,2497131.50858662,4778.8544921875
1975.5,1983,16,1.9049036502838135,0.4588572084903717,0.04132459284102713,21.314887683660046,2505351.905240876,4778.957275390625
1991.5,1999,16,1.8964566737413406,0.4336758255958557,0.04148211226812705,21.263401903392985,2499300.2666116105,4779.9482421875
2007.5,2015,16,1.8879483938217163,0.4046054035425186,0.04171520888551392,21.3042961808707,2504106.979999586,4779.8720703125
2023.5,2031,16,1.8835040628910065,0.4354332536458969,0.04227780242746865,21.26452220461875,2499431.94681805,4779.754150390625
2039.5,2047,16,1.8772386834025383,0.41593289375305176,0.042657320712213266,21.316040855357688,2505487.4490425903,4779.9033203125
2055.5,2063,16,1.8668489083647728,0.3979586809873581,0.04168776561731868,21.251679150688073,2497922.374254878,4780.020751953125
2071.5,2079,16,1.8666036576032639,0.37174150347709656,0.042657464403997765,19.816375278028943,2329216.756597657,4780.12890625
2087.5,2095,16,1.8598202541470528,0.43215112388134,0.0426344008848184,21.277978917358308,2501013.648837816,4781.10546875
2103.5,2111,16,1.8582339361310005,0.38326595723629,0.04330980721296686,21.232923429724725,2495717.8268067716,4781.26708984375
2119.5,2127,16,1.850170522928238,0.38084644079208374,0.04266173165700765,21.29069163148594,2502507.901260495,4781.28955078125
2135.5,2143,16,1.840950071811676,0.38242630660533905,0.04298608003988524,21.218222858903026,2493989.9217076288,4781.495361328125
2151.5,2159,16,1.8372415527701378,0.39211520552635193,0.04407964648932896,21.307731043111822,2504510.7137085195,4782.4912109375
2167.5,2175,16,1.8314088582992554,0.3815862536430359,0.04417276174662578,21.252752314384157,2498048.513916064,4782.580322265625
2183.5,2191,16,1.8251519277691841,0.360515758395195,0.04448213327012843,21.295514861319855,2503074.8236967362,4782.708251953125
2199.5,2207,16,1.8178936690092087,0.34517285227775574,0.042766472599892455,21.225861128930788,2494887.7239691657,4782.8466796875
2215.5,2223,16,1.8135753124952316,0.3733665645122528,0.04483716109428893,21.310203684310665,2504801.3479558327,4783.397216796875
2231.5,2239,16,1.8064788281917572,0.33761489391326904,0.044203790014073485,21.22981880791441,2495352.9095581817,4783.94580078125
2247.5,2255,16,1.8028202205896378,0.3581373244524002,0.04561004040508786,20.016651120063493,2352757.179135264,4784.06005859375
2263.5,2271,16,1.7976272106170654,0.3638225197792053,0.04514213368141403,21.278976712340953,2501130.929660399,4784.18798828125
2279.5,2287,16,1.7934629395604134,0.3477771282196045,0.044979274152975646,21.213512247532904,2493436.236445659,4785.63720703125
2295.5,2303,16,1.7898554727435112,0.35511618852615356,0.045927300844623736,21.276512328367474,2500841.265967358,4785.7841796875
2311.5,2319,16,1.782361812889576,0.3206038773059845,0.04550490884293774,21.236363208191904,2496122.1383689186,4785.9248046875
2327.5,2335,16,1.7817671746015549,0.34405578672885895,0.04631144475812714,20.970349691934132,2464854.9095818233,4786.046875
2343.5,2351,16,1.7761982157826424,0.30417533218860626,0.04643933247125735,21.20734252743192,2492711.047542991,4787.07373046875
2359.5,2367,16,1.7739556729793549,0.337719202041626,0.04687805312234118,21.157564515443077,2486860.1399976998,4787.22607421875
2375.5,2383,16,1.7696184143424034,0.31304652988910675,0.0467386686200784,21.19015062360425,2490690.311161518,4787.33251953125
2391.5,2399,16,1.767404317855835,0.30960094928741455,0.04731748768509451,21.208221681633788,2492814.383328163,4788.31396484375
2407.5,2415,16,1.7610655948519707,0.3057420700788498,0.04673437147302497,21.262587011996985,2499204.4842766607,4788.372802734375
2423.5,2431,16,1.7539992108941078,0.31516002118587494,0.04729823676770497,21.259039082464554,2498787.46063827,4788.5419921875
2439.5,2447,16,1.7501221522688866,0.32178032398223877,0.04732921858191151,21.286424326245864,2502006.3222011947,4789.537109375
2455.5,2463,16,1.747246839106083,0.310845285654068,0.04833594846158204,21.28031530110883,2501288.2673846083,4789.64208984375
2471.5,2479,16,1.7432074844837189,0.3246784210205078,0.047990275804433186,21.236729255830035,2496165.163608423,4789.7529296875
2487.5,2495,16,1.7383616715669632,0.3252120167016983,0.04792986767874523,21.100816767391137,2480190.009673295,4790.32958984375
2503.5,2511,16,1.7348157465457916,0.28018811345100403,0.047771682109062866,21.219318545627292,2494118.7087255535,4790.934326171875
2519.5,2527,16,1.7316742166876793,0.3127436339855194,0.04793290259796336,20.02497012703311,2353734.9952171673,4791.04736328125
2535.5,2543,16,1.7258391082286835,0.2993275374174118,0.04867867983270888,21.108385895955337,2481079.685047183,4791.516357421875
2551.5,2559,16,1.7208105996251106,0.2984478771686554,0.04858091490159771,21.161970216505168,2487377.986101965,4791.98828125
2567.5,2575,16,1.7166815102100372,0.27636758983135223,0.04816310637574078,21.239428057484517,2496482.3807557644,4792.114990234375
2583.5,2591,16,1.709883138537407,0.3025474399328232,0.049113363567316395,21.29702607498656,2503252.4517516093,4792.737060546875
2599.5,2607,16,1.710296243429184,0.32988643646240234,0.04913339115128937,21.25694496283294,2498541.3178160917,4793.34716796875
2615.5,2623,16,1.7026314064860344,0.26083293557167053,0.049166879542595285,21.249597643117525,2497677.7138543623,4793.498291015625
2631.5,2639,16,1.702948808670044,0.3069484829902649,0.04859128430005953,21.243009884717104,2496903.3887298433,4794.4970703125
2647.5,2655,16,1.6982859894633293,0.2931935042142868,0.05046055173134488,21.286680199769826,2502036.397575284,4794.5908203125
2663.5,2671,16,1.6951489448547363,0.28128698468208313,0.05038508053191684,21.28050660490402,2501310.7532327576,4794.65869140625
2679.5,2687,16,1.692733809351921,0.2686634063720703,0.05111622153146361,21.320019824539823,2505955.1370815476,4794.716796875
2695.5,2703,16,1.6889293193817139,0.2670406401157379,0.049861097038074426,21.122558926235655,2482745.5830309214,4795.67724609375
2711.5,2719,16,1.685513325035572,0.2927688658237457,0.04968975675221758,19.972018474165836,2347511.0579219973,4795.8017578125
2727.5,2735,16,1.681091196835041,0.2795610725879669,0.04977402990246474,21.211239968922296,2493169.1528170314,4796.376220703125
2743.5,2751,16,1.6806098818778992,0.2768797129392624,0.050818487320970177,21.275640824984077,2500738.829459391,4796.95654296875
2759.5,2767,16,1.6789156198501587,0.27300989627838135,0.049907201534193577,20.984353714473528,2466500.9423956396,4797.03955078125
2775.5,2783,16,1.6784519776701927,0.2632247805595398,0.04953825776112464,21.257159211096337,2498566.500557041,4797.83837890625
2791.5,2799,16,1.6709064841270447,0.25409984588623047,0.04890033621411545,21.24177775049587,2496758.56367308,4797.94140625
2807.5,2815,16,1.6680660247802734,0.26970647275447845,0.0502058400624347,21.289953580114954,2502421.1507021105,4798.41259765625
2823.5,2831,16,1.6632202565670013,0.2450125813484192,0.04972130174847376,21.297935039416505,2503359.2914309995,4798.876953125
2839.5,2847,16,1.6614462360739708,0.27897974848747253,0.05070378906164093,21.30330711897458,2503990.725663996,4798.91162109375
2855.5,2863,16,1.6568918228149414,0.28422316908836365,0.05048412439469813,21.279638115073087,2501208.6709377486,4799.851318359375
2871.5,2879,16,1.6544982343912125,0.22044479846954346,0.05077518114580237,21.335850859052787,2507815.9168833285,4799.90673828125
2887.5,2895,16,1.6576240584254265,0.2692435383796692,0.05120687559247017,19.96987042462637,2347258.5761784334,4800.893798828125
2903.5,2911,16,1.6543967351317406,0.2509578987956047,0.05092665719602144,21.20397620069337,2492315.3694970505,4800.984375
2919.5,2927,16,1.6534198299050331,0.2682301700115204,0.05149323544041677,21.321673282328696,2506149.484510587,4802.02490234375
2935.5,2943,16,1.6454949006438255,0.25533000379800797,0.051403839575042104,21.27653102111233,2500843.4631125946,4802.130859375
2951.5,2959,16,1.6434178873896599,0.28551456332206726,0.05224037653357355,21.336884453654665,2507937.4055931685,4803.05859375
2967.5,2975,16,1.6408618614077568,0.2738327980041504,0.050788037651782914,21.289200156566523,2502332.5932979835,4803.138916015625
2983.5,2991,16,1.6375672072172165,0.26772361993789673,0.05202228566772785,21.30952285594392,2504721.3233893854,4803.656494140625
2999.5,3007,16,1.6341436803340912,0.26562607288360596,0.0517977962982982,21.25430866201868,2498231.44701753,4804.13671875
3015.5,3023,16,1.6318062096834183,0.2436496466398239,0.050804786257107146,20.982253643276053,2466254.1000264077,4804.796875
3031.5,3039,16,1.6323187127709389,0.23457825183868408,0.05207684124594159,21.299572229874116,2503551.726797918,4805.3427734375
3047.5,3055,16,1.6278385072946548,0.2374916523694992,0.05236222288063304,21.235343465202526,2496002.277777617,4805.88623046875
3063.5,3071,16,1.630528636276722,0.2419789433479309,0.05219012137968093,21.166447756518536,2487904.2761565866,4806.39453125
3079.5,3087,16,1.6301453486084938,0.23848137259483337,0.05215570003245816,19.866013597678982,2335051.2447054,4806.48828125
3095.5,3103,16,1.6216547712683678,0.23234685510396957,0.0520759089532393,21.042575291599732,2473344.3065899108,4807.341796875
3111.5,3119,16,1.6224649026989937,0.24292640388011932,0.05143827128675625,21.140188233494246,2484817.7318118066,4808.2744140625
3127.5,3135,16,1.6267638057470322,0.25056909769773483,0.05224902286180154,21.083229775999364,2478122.83469941,4808.389892578125
3143.5,3151,16,1.6270167976617813,0.2512582838535309,0.05249992582001582,20.898193566254037,2456373.6785460147,4809.370849609375
3159.5,3167,16,1.6238133236765862,0.25599828362464905,0.05231626999254028,20.920062838222403,2458944.192780259,4810.3095703125
3175.5,3183,16,1.6198511943221092,0.25152624398469925,0.05220241146162152,21.241757662417463,2496756.202520338,4810.373291015625
3191.5,3199,16,1.6143132895231247,0.2277197390794754,0.05136333776736689,21.17677191979584,2489117.778311544,4810.38134765625
3207.5,3215,16,1.6102881729602814,0.2604884132742882,0.052800597245522746,21.252210319337927,2497984.8078181543,4811.210693359375
3223.5,3231,16,1.6104836612939835,0.254775770008564,0.05272413796928683,21.200137855664423,2491864.210421105,4812.171630859375
3239.5,3247,16,1.6071035712957382,0.22847899794578552,0.051869336275778936,21.169726113688,2488289.6142593464,4812.2314453125
3255.5,3263,16,1.608025275170803,0.2405392751097679,0.052815325325354934,19.898469905330167,2338866.1591172325,4812.301513671875
3271.5,3279,16,1.6057359352707863,0.2903265655040741,0.05217898942558377,21.229369671682797,2495300.1180853727,4814.12548828125
3287.5,3295,16,1.6065871939063072,0.2521357759833336,0.051453366854482076,21.19264212544134,2490983.1622882565,4814.251708984375
3303.5,3311,16,1.6002819165587425,0.2602614313364029,0.05193880507299169,21.247436502887062,2497423.693430973,4814.335205078125
3319.5,3327,16,1.5986691564321518,0.30284473299980164,0.0521646923928832,21.200298002048818,2491883.034027179,4816.15185546875
3335.5,3343,16,1.593837320804596,0.2214580476284027,0.05234700767676148,21.240778031149453,2496641.056660779,4816.26318359375
3351.5,3359,16,1.5910452082753181,0.26679185032844543,0.052953581720816364,21.21033366603191,2493062.6259750025,4816.2978515625
3367.5,3375,16,1.5910571366548538,0.2644895613193512,0.0534823360909341,21.23502572242613,2495964.930291576,4816.365966796875
3383.5,3391,16,1.5899666845798492,0.23305413872003555,0.05228475071348702,21.20748106260622,2492727.3309674226,4817.39404296875
3399.5,3407,16,1.5885211378335953,0.21426476538181305,0.05156794039419654,21.094927627338645,2479497.800149618,4818.35888671875
3415.5,3423,16,1.586172342300415,0.2406897395849228,0.0519406207533779,20.878101901580894,2454012.104273827,4818.191650390625
3431.5,3439,16,1.585691288113594,0.2859884798526764,0.05176308361291321,18.82437606913362,2212617.1692628125,4819.35205078125
3447.5,3455,16,1.5849668681621552,0.24563538283109665,0.05132763421473404,21.184791597218123,2490060.411198357,4819.83349609375
3463.5,3471,16,1.5790518149733543,0.251727893948555,0.05078335287345742,21.17690713991253,2489133.6720841043,4820.322021484375
3479.5,3487,16,1.5795774906873703,0.2542118430137634,0.05151127891925474,21.194616112233472,2491215.184696443,4821.263671875
3495.5,3503,16,1.573243960738182,0.2559034079313278,0.053300123612368196,21.103017616329513,2480448.697458225,4821.803466796875
3511.5,3519,16,1.5732561722397804,0.22578348219394684,0.05186419476134082,20.806204587141384,2445561.29391132,4823.2294921875
3527.5,3535,16,1.5763843432068825,0.2727559059858322,0.0501728718712305,21.18333059918394,2489888.685488946,4823.656494140625
3543.5,3551,16,1.5704287439584732,0.27028709650039673,0.05153315033495539,21.236265544960457,2496110.6590326624,4824.6083984375
3559.5,3567,16,1.5678980946540833,0.23164509236812592,0.05093629995826632,21.178416120097065,2489311.0376154827,4825.10009765625
3575.5,3583,16,1.5667408481240273,0.24947217106819153,0.05162464979697358,21.186869864198755,2490304.690699933,4826.058349609375
3591.5,3599,16,1.5657797530293465,0.2543698847293854,0.051426905687108185,20.827732772353258,2448091.7168080965,4826.14013671875
3607.5,3615,16,1.5615690276026726,0.259516179561615,0.05040351829533889,20.77745453637249,2442182.0129346326,4827.103759765625
3623.5,3631,16,1.5594745948910713,0.2455269619822502,0.05031798035964709,21.189702651733597,2490637.656547697,4828.079345703125
3639.5,3647,16,1.5578510388731956,0.2667393982410431,0.051288019100232334,21.17026481564858,2488352.9332879675,4829.0166015625
3655.5,3663,16,1.5577105954289436,0.2598700523376465,0.04991155185482719,21.251352712058704,2497884.0046582767,4829.464111328125
3671.5,3679,16,1.5574197098612785,0.2513170540332794,0.050479363752387915,21.16028832866153,2487180.2970042787,4829.9150390625
3687.5,3695,16,1.5562154427170753,0.27410373091697693,0.05063616357405078,21.213275644095525,2493408.426077552,4830.3720703125
3703.5,3711,16,1.5531206876039505,0.2258736491203308,0.05058062089268457,21.179687785918038,2489460.509216492,4831.29296875
3719.5,3727,16,1.5546183213591576,0.24832016229629517,0.04894879332630697,21.173888382039202,2488778.847282695,4831.869140625
3735.5,3743,16,1.5562220513820648,0.27390264719724655,0.04901765092191371,21.162772963204517,2487472.340949266,4832.79736328125
3751.5,3759,16,1.5533709079027176,0.2752358615398407,0.050880723502345834,21.20770696000377,2492753.8829476032,4833.69921875
3767.5,3775,16,1.554064355790615,0.23375771939754486,0.04948491223198785,20.508672941089856,2410589.424138059,4834.18359375
3783.5,3791,16,1.5508388355374336,0.25849246978759766,0.05042252851875894,20.528419112677643,2412910.3891528826,4835.11865234375
3799.5,3807,16,1.5489834323525429,0.28144869208335876,0.04985469502791988,20.957445854754077,2463338.1925555007,4835.58349609375
3815.5,3823,16,1.5488930270075798,0.24758773297071457,0.04865847217187172,21.178062253799638,2489269.444170769,4836.9423828125
3831.5,3839,16,1.5458888337016106,0.274352103471756,0.048814468858340246,21.132783655592878,2483947.3977228813,4838.34423828125
3847.5,3855,16,1.544711634516716,0.2449427768588066,0.05002053435115765,21.204731250137822,2492404.1180089964,4838.822265625
3863.5,3871,16,1.5406103134155273,0.25553710758686066,0.04820865607876895,21.148438349691848,2485787.4504723446,4839.788818359375
3879.5,3887,16,1.5391604229807854,0.2543521225452423,0.04854753368999809,21.172505420445603,2488616.293976535,4840.26806640625
3895.5,3903,16,1.5399641767144203,0.24781090021133423,0.04776549410907495,21.14354380574811,2485212.1457756124,4841.16455078125
3911.5,3919,16,1.5374979972839355,0.23254944384098053,0.04882089209488848,21.18482430245431,2490064.2553718295,4842.0556640625
3927.5,3935,16,1.5430801063776016,0.290605753660202,0.04849089679985561,21.123749366899254,2482885.5074269064,4842.60498046875
3943.5,3951,16,1.5404918864369392,0.29120567440986633,0.04723744808032995,21.23675648101017,2496168.3636561045,4843.590576171875
3959.5,3967,16,1.5386907383799553,0.26022374629974365,0.04671221836752286,20.751186805846636,2439094.503880116,4844.0146484375
3975.5,3983,16,1.537262201309204,0.2635911852121353,0.046920223934152586,20.89237920318095,2455690.258308521,4844.8193359375
3991.5,3999,16,1.5353087931871414,0.25807708501815796,0.04677060451429112,21.127280174910013,2483300.5186016355,4845.6669921875
4007.5,4015,16,1.5350444987416267,0.2626749724149704,0.045671369414776564,21.193985342588935,2491141.04403222,4846.525634765625
4023.5,4031,16,1.5337430760264397,0.23435476422309875,0.04658687362009942,20.754906289562456,2439531.691997278,4847.478271484375
4039.5,4047,16,1.5278793647885323,0.20969203114509583,0.046389263779432935,21.24473777896927,2497106.4854208026,4848.3447265625
4055.5,4063,16,1.5248614773154259,0.27943427860736847,0.04603054887389369,21.11287207924258,2481606.9910322186,4848.7294921875
4071.5,4079,16,1.522383563220501,0.271083801984787,0.044213675618679685,21.223967174963,2494665.1086191777,4849.15576171875
4087.5,4095,16,1.5197777152061462,0.22135628759860992,0.04544231289235706,21.190800407079614,2490766.686711423,4850.82958984375
4103.5,4111,16,1.5222509503364563,0.23628384619951248,0.044416865009362955,21.242658530077875,2496862.0905054347,4851.818115234375
4119.5,4127,16,1.5159718543291092,0.2284707874059677,0.04421174552672627,21.14535366436094,2485424.8765575504,4852.71142578125
4135.5,4143,16,1.515056237578392,0.25472889840602875,0.04496287098718864,21.226907777352523,2495010.747024995,4853.14111328125
4151.5,4159,16,1.5151763632893562,0.18276667594909668,0.04455273128890743,20.60734002008514,2422186.752635121,4853.6025390625
4167.5,4175,16,1.5161905065178871,0.2622179239988327,0.043797527764444094,19.623704849425046,2306570.274357154,4854.4453125
4183.5,4191,16,1.517237350344658,0.22675789147615433,0.044321064576224395,21.139816102899367,2484773.9915815634,4855.4189453125
4199.5,4207,16,1.5226014703512192,0.28448671102523804,0.044726668052713976,21.214832316959683,2493591.3974065096,4856.26171875
4215.5,4223,16,1.5187236368656158,0.24053531140089035,0.04539995704015548,21.1447158792243,2485349.9112923834,4856.63330078125
4231.5,4239,16,1.5172709599137306,0.2592097818851471,0.042231942848020204,21.196897810204455,2491483.375476691,4857.0419921875
4247.5,4255,16,1.5137554928660393,0.2434801384806633,0.04290009448728101,21.157255426505657,2486823.8096838947,4857.97900390625
4263.5,4271,16,1.5106624364852905,0.24248888343572617,0.042754677311291525,21.235751777730293,2496050.270832263,4859.27685546875
4279.5,4287,16,1.511927992105484,0.23416028916835785,0.04261215379334647,20.56138332293051,2416785.002436681,4859.681640625
4295.5,4303,16,1.5141748487949371,0.23918388783931732,0.0430257928409529,21.179016497123804,2489381.6059314003,4860.51513671875
4311.5,4319,16,1.5133952870965004,0.18792718648910522,0.042681753850598456,21.118047510377874,2482215.3112095376,4861.35888671875
4327.5,4335,16,1.5134014710783958,0.1811121702194214,0.043076706771513054,21.260207078859104,2498924.7469348637,4862.14697265625
4343.5,4351,16,1.5092199072241783,0.2583421617746353,0.04284892901848776,19.173962593345806,2253707.5694319364,4863.409912109375
4359.5,4367,16,1.5117914974689484,0.27397680282592773,0.042546926521357484,20.72903502035821,2436490.783006632,4863.83642578125
4375.5,4383,16,1.5096529722213745,0.23588021099567413,0.04197065474352602,21.15090132532316,2486076.9486288466,4864.636962890625
4391.5,4399,16,1.5082642063498497,0.2635737955570221,0.04169261809720686,21.123269945127802,2482829.156191735,4865.466796875
4407.5,4415,16,1.511395402252674,0.2495042160153389,0.04134490443252478,21.138082170637386,2484570.1851829286,4865.96142578125
4423.5,4431,16,1.5022317618131638,0.2189498245716095,0.04105513205638889,21.25261378290683,2498032.2309261747,4866.88623046875
4439.5,4447,16,1.5060626193881035,0.2828591763973236,0.04186003859803984,21.157030304425597,2486797.3488345323,4867.27490234375
4455.5,4463,16,1.5063298344612122,0.22217566519975662,0.040475882914368856,21.20970499166179,2492988.7315893346,4868.083984375
4471.5,4479,16,1.501161627471447,0.2821750342845917,0.04016157711686736,21.185503377057834,2490144.0738009466,4868.93115234375
4487.5,4495,16,1.5013134479522705,0.20318074524402618,0.04047456936148758,21.22982355892855,2495353.467992386,4869.33154296875
4503.5,4511,16,1.497845210134983,0.2553292065858841,0.04160647611063199,21.18189898811627,2489720.4139235886,4870.170166015625
4519.5,4527,16,1.494859054684639,0.18379957973957062,0.040917549980804324,20.840733829241987,2449619.861039009,4871.4208984375
4535.5,4543,16,1.4952148795127869,0.22120989859104156,0.04066881380100368,20.056961387081984,2357495.2479336737,4871.853515625
4551.5,4559,16,1.4942872375249863,0.266849547624588,0.04080057218247517,21.231418730673134,2495540.9644797603,4872.25830078125
4567.5,4575,16,1.4971440955996513,0.23780496418476105,0.04072862330146811,21.190784541687385,2490764.8218932147,4872.628173828125
4583.5,4591,16,1.4921524673700333,0.241211399435997,0.04047287362416021,21.19447067317156,2491198.0897890585,4874.64892578125
4599.5,4607,16,1.494752511382103,0.2086237072944641,0.04120042599441314,21.168566006182093,2488153.255222727,4874.6025390625
4615.5,4623,16,1.4891135394573212,0.23831350356340408,0.03974739803269393,21.11478690536893,2481832.05969573,4875.430908203125
4631.5,4639,16,1.4897002503275871,0.1829918473958969,0.03936963252878438,21.18482982325533,2490064.904286783,4876.26708984375
4647.5,4655,16,1.4876583963632584,0.21680980920791626,0.0415975460959034,21.16832435153405,2488124.8511353172,4876.196044921875
4663.5,4671,16,1.4840826466679573,0.23220503330230713,0.04024922281193237,21.166185752091415,2487873.4801561376,4877.824951171875
4679.5,4687,16,1.4829439744353294,0.23068451881408691,0.038734657294822464,21.15230144633462,2486241.5188529873,4877.8203125
4695.5,4703,16,1.4833929911255836,0.24406077712774277,0.038544549398603994,20.576248898289094,2418532.3021691437,4877.83349609375
4711.5,4719,16,1.48604354262352,0.21607594192028046,0.03928237327614405,20.19189003879131,2373354.761699288,4879.509765625
4727.5,4735,16,1.4824469611048698,0.2255597710609436,0.038535558110611004,21.20487807159723,2492421.375403383,4879.463623046875
4743.5,4751,16,1.4807656854391098,0.1902332752943039,0.04027352688453076,21.152158385653138,2486224.703500439,4880.27490234375
4759.5,4767,16,1.481092430651188,0.2294604778289795,0.039630231793236104,21.236094487695663,2496090.5529617034,4881.07177734375
4775.5,4783,16,1.4768474474549294,0.2149207517504692,0.03849038831663854,21.171529661236242,2488501.6032387516,4881.836181640625
4791.5,4799,16,1.473530374467373,0.2093341052532196,0.03867156765155608,20.932145969022336,2460364.443978397,4882.6376953125
4807.5,4815,16,1.4729921594262123,0.21218226850032806,0.03836442598946054,21.155896940603398,2486664.133250504,4882.617431640625
4823.5,4831,16,1.4745577052235603,0.25211138278245926,0.0387539859600083,21.183618524119836,2489922.5281860046,4884.633056640625
4839.5,4847,16,1.4706864431500435,0.20054560899734497,0.03777415642274939,21.18133606072726,2489654.247438102,4885.00439453125
4855.5,4863,16,1.4714061096310616,0.2290126085281372,0.04093191924392048,21.18867945243764,2490517.389702118,4885.750732421875
4871.5,4879,16,1.4705431312322617,0.1993192732334137,0.038711301195717446,21.129702199562416,2483585.203380063,4886.556640625
4887.5,4895,16,1.4727093949913979,0.2222970947623253,0.038909413502551615,20.125637966170604,2365567.4930619923,4886.55126953125
4903.5,4911,16,1.478437677025795,0.20950841158628464,0.03826804791760603,20.24656178208587,2379780.8784238375,4888.1201171875
4919.5,4927,16,1.4802529215812683,0.2336156815290451,0.038708687950433654,21.19186232942758,2490891.505064546,4888.0712890625
4935.5,4943,16,1.4765785187482834,0.21512499451637268,0.03904099545483901,21.149995843371038,2485970.518279901,4888.8330078125
4951.5,4959,16,1.4753541350364685,0.18702702224254608,0.038320630651221356,21.24137342107509,2496711.0387928304,4889.58203125
4967.5,4975,16,1.4752564579248428,0.22031092643737793,0.03764261547334943,21.152433727182974,2486257.067143945,4889.560302734375
4983.5,4991,16,1.4793591052293777,0.20865090191364288,0.03718311508242605,21.222034825638758,2494437.980278981,4890.387451171875
4999.5,5007,16,1.4754982218146324,0.22101624310016632,0.03809034313202243,21.196154810485204,2491396.04328945,4891.2216796875
5015.5,5023,16,1.4762916415929794,0.22827932238578796,0.03826289345637303,21.22643096994846,2494954.703082567,4891.20849609375
5031.5,5039,16,1.4717093631625175,0.24467620253562927,0.038540064417192654,21.17917855979315,2489400.654777608,4892.8369140625
5047.5,5055,16,1.4706632494926453,0.24121929705142975,0.039178070347671484,20.923509236088687,2459349.2823865786,4892.77978515625
5063.5,5071,16,1.4690910875797272,0.20188327133655548,0.03842579435811124,21.18362189445724,2489922.9243354634,4894.361083984375
5079.5,5087,16,1.4650834202766418,0.1681264340877533,0.038735057481310585,20.91367862272898,2458193.7920890953,4895.146484375
5095.5,5103,16,1.4698412790894508,0.20056681334972382,0.03832459032436776,21.104501616755137,2480623.126868733,4895.04443359375
5111.5,5119,16,1.466825544834137,0.23207977414131165,0.03748071108323832,21.126779329798573,2483241.6492670737,4896.64111328125
5127.5,5135,16,1.465727411210537,0.21377546340227127,0.03764287690688489,21.010380448298648,2469560.1246978734,4896.56640625
5143.5,5151,16,1.4624438658356667,0.1915331855416298,0.03679748316591775,19.137946545535947,2249474.243160701,4897.34033203125
5159.5,5167,16,1.46232570707798,0.22741268575191498,0.039241456080961856,21.234491044179183,2495902.084210257,4898.126953125
5175.5,5183,16,1.4558858275413513,0.18800146877765656,0.03836774101099846,21.12417196629153,2482935.179759612,4898.862060546875
5191.5,5199,16,1.4565653428435326,0.205308198928833,0.037333155516535044,21.23225575153063,2495639.347911622,4899.6328125
5207.5,5215,16,1.4593193903565407,0.22502560913562775,0.038583086129757714,21.11651892664294,2482035.6414768375,4899.596435546875
5223.5,5231,16,1.457548625767231,0.19973450154066086,0.03743749499589091,21.238213479483225,2496339.6192570995,4901.170166015625
5239.5,5247,16,1.4595447704195976,0.22697052359580994,0.03581161081268819,21.146457846074107,2485554.662076474,4901.12744140625
5255.5,5263,16,1.4572390168905258,0.18817277252674103,0.03639835656169012,21.222663332526402,2494511.854978758,4901.96337890625
5271.5,5279,16,1.457620084285736,0.28189170360565186,0.038105937811038035,21.056523139094352,2474983.7365889456,4902.74560546875
5287.5,5295,16,1.4546948969364166,0.23859276622533798,0.0367156762742635,21.16799317098389,2488085.924173345,4902.6708984375
5303.5,5311,16,1.452581413090229,0.2029963582754135,0.03813857047917378,21.137497450420383,2484501.457168433,4904.294189453125
5319.5,5327,16,1.452674500644207,0.1979784518480301,0.03674213968527814,20.562797344815774,2416951.2065695333,4904.255859375
5335.5,5343,16,1.451862521469593,0.21899643540382385,0.037234234771775926,20.865450632794982,2452525.0741366325,4905.0458984375
5351.5,5359,16,1.4563440904021263,0.19546110928058624,0.03648589709491441,21.2276133956544,2495093.6854004264,4905.81103515625
5367.5,5375,16,1.4581143856048584,0.18641237914562225,0.038055400967343965,21.12994000478022,2483613.155005441,4905.732666015625
5383.5,5391,16,1.4543913081288338,0.19549652934074402,0.03668335400818085,21.21413747469712,2493509.725646743,4907.29296875
5399.5,5407,16,1.4537292644381523,0.1777419149875641,0.03739921542618311,20.83804668980705,2449304.014668956,4907.16650390625
5415.5,5423,16,1.4516118690371513,0.24099453538656235,0.03703839906533672,21.221668968613397,2494394.977444101,4908.7470703125
5431.5,5439,16,1.4494042918086052,0.17643186450004578,0.036068807461891665,21.140471737696295,2484851.054895807,4910.3359375
5447.5,5455,16,1.4503578767180443,0.19857651740312576,0.03788266305557706,21.257107507572446,2498560.423324826,4910.2802734375
5463.5,5471,16,1.4496342837810516,0.2126781865954399,0.03695917885157872,21.150535315798493,2486033.9278691984,4911.8349609375
5479.5,5487,16,1.4460623189806938,0.1806928962469101,0.03781815362868436,21.248493470155992,2497547.9293641057,4911.75830078125
5495.5,5503,16,1.4479113817214966,0.2285631075501442,0.03689004499183009,20.84950855606518,2450651.242432649,4913.316650390625
5511.5,5519,16,1.449398584663868,0.22491607069969177,0.03772616755062093,20.800198652756745,2444855.3563818047,4913.2705078125
5527.5,5535,16,1.44733327627182,0.23817572742700577,0.03793209751320044,21.155818486544383,2486654.9117603814,4914.01123046875
5543.5,5551,16,1.445234753191471,0.2123592272400856,0.03807111450287542,21.24156426612139,2496733.4707196346,4914.753662109375
5559.5,5567,16,1.4447628483176231,0.18877674639225006,0.037319310379891904,21.13300021101831,2483972.8516476573,4914.70166015625
5575.5,5583,16,1.4399145171046257,0.2135210558772087,0.037612639191193564,21.2417047923199,2496749.988169053,4916.2783203125
5591.5,5599,16,1.4384600892663002,0.1734658181667328,0.03529068198280805,21.151274416882572,2486120.8018108606,4916.1953125
5607.5,5615,16,1.439510591328144,0.21297159045934677,0.03625690095324182,21.22515218595924,2494804.3948120596,4916.962158203125
5623.5,5631,16,1.4387497305870056,0.19842080771923065,0.03595042326417046,21.147183925162715,2485640.005412784,4917.74951171875
5639.5,5647,16,1.436894454061985,0.20308831334114075,0.03746873552021994,21.254208802691416,2498219.7095521707,4917.68896484375
5655.5,5663,16,1.4331464320421219,0.1899222955107689,0.03769961471852818,20.7744906009809,2441833.6319677453,4919.302490234375
5671.5,5679,16,1.4337906911969185,0.1790740191936493,0.03621219457691592,21.22741468967989,2495070.3295001183,4919.2353515625
5687.5,5695,16,1.4343287497758865,0.19291546195745468,0.036410740611961846,20.311196966198423,2387378.0979853612,4920.01220703125
5703.5,5711,16,1.4353350475430489,0.20201978087425232,0.037224441555074664,20.865038652263415,2452476.6499448186,4920.78515625
5719.5,5727,16,1.4359426349401474,0.22899433970451355,0.037069493170940514,21.23112056836279,2495505.9184817057,4920.72509765625
5735.5,5743,16,1.4321987703442574,0.1737760230898857,0.03640938943929293,21.154465036962414,2486495.8272960787,4922.355712890625
5751.5,5759,16,1.4329111278057098,0.20357929170131683,0.03588045368352058,21.236228622445303,2496106.3191602193,4922.3173828125
5767.5,5775,16,1.4356150403618813,0.2273690178990364,0.037042741145176646,21.13447231151674,2484145.882340719,4923.12109375
5783.5,5791,16,1.4355695694684982,0.19361165910959244,0.036691524158937464,21.23529871061318,2495997.0173231703,4923.901611328125
5799.5,5807,16,1.4355748072266579,0.18834970891475677,0.03847722363107922,21.134022487229853,2484093.009993892,4925.48681640625
5815.5,5823,16,1.4346386715769768,0.16915100067853928,0.03701258734376593,21.232666521555608,2495687.629820491,4925.431884765625
5831.5,5839,16,1.4404477551579475,0.21607007086277008,0.03590528780566246,21.11008500765579,2481279.398637004,4925.42138671875
5847.5,5855,16,1.436791568994522,0.23433027416467667,0.03597751929721033,21.230677629721168,2495453.8554736264,4927.049560546875
5863.5,5871,16,1.436045080423355,0.18096614629030228,0.03591711795888841,20.729967668051955,2436600.4064168567,4926.97265625
5879.5,5887,16,1.4340604543685913,0.20100708305835724,0.03544982149844255,20.902547206051647,2456885.4053692357,4928.57373046875
5895.5,5903,16,1.4347587302327156,0.16450297832489014,0.03670869125970498,21.11570722819738,2481940.234441284,4930.162841796875
5911.5,5919,16,1.4303011149168015,0.17800705134868622,0.03734042480672625,20.964954911351878,2464220.807070438,4930.06689453125
5927.5,5935,16,1.431559905409813,0.22912068665027618,0.03627494624886436,21.105695937111687,2480763.5072838287,4931.67529296875
5943.5,5951,16,1.4306103736162186,0.1982210949063301,0.03637761212038723,21.244701405200892,2497102.2100480557,4931.6044921875
5959.5,5967,16,1.4267493188381195,0.19503572583198547,0.03595160349681409,21.10631348843402,2480836.094266456,4933.2265625
5975.5,5983,16,1.4268695041537285,0.1863759607076645,0.03637449315636221,21.249707625523826,2497690.6411864343,4933.152099609375
5991.5,5999,16,1.425038367509842,0.21909847855567932,0.035488869405746686,21.138595040301077,2484630.467883365,4933.10546875
6007.5,6015,16,1.4255807921290398,0.18946560472249985,0.03599936752509551,19.788549077709753,2325946.065003128,4934.7119140625
6023.5,6031,16,1.427151508629322,0.1889827772974968,0.03619085082953626,21.130553252020754,2483685.2360862913,4934.659423828125
6039.5,6047,16,1.4246844053268433,0.17818790674209595,0.035494041752606405,21.08337759610591,2478140.2094747815,4936.2978515625
6055.5,6063,16,1.4231531843543053,0.1821225956082344,0.036189698914037734,21.21250575906791,2493317.9337911573,4936.2412109375
6071.5,6079,16,1.4237318634986877,0.20113618671894073,0.037392097800462085,21.12425409035629,2482944.8326222105,4936.19384765625
6087.5,6095,16,1.4204679355025291,0.21376030147075653,0.036314034460564,21.201621485777522,2492038.5963050793,4937.81201171875
6103.5,6111,16,1.4194724336266518,0.18339774757623672,0.0352895109152252,21.129992793717015,2483619.359817089,4937.74658203125
6119.5,6127,16,1.4215498119592667,0.21781565248966217,0.03639705356027028,21.215339606073982,2493651.0241691694,4939.39794921875
6135.5,6143,16,1.420556552708149,0.18080540001392365,0.0355324989791508,21.1203516445917,2482486.1391457766,4939.3466796875
6151.5,6159,16,1.4200188964605331,0.2070636749267578,0.03580337686280749,21.235485913674268,2496019.0211710315,4940.9609375
6167.5,6175,16,1.4189776927232742,0.20066513866186142,0.035636502134641916,20.575324037791834,2418423.594065996,4940.934326171875
6183.5,6191,16,1.4170574992895126,0.18237192183732986,0.03612950132369544,19.80884684551389,2328331.8646374,4941.718017578125
6199.5,6207,16,1.4136304259300232,0.18204909563064575,0.03540597481046323,19.793609197753568,2326540.8315147166,4942.525390625
6215.5,6223,16,1.4166872054338455,0.19184771925210953,0.03739926354098839,21.232158318325084,2495627.8956126105,4942.497314453125
6231.5,6239,16,1.4178542867302895,0.20251747965812683,0.03490881648648417,21.12883519185288,2483483.295293603,4944.130859375
6247.5,6255,16,1.4196809902787209,0.21808135509490967,0.03561109813833327,21.264659396106406,2499448.0723055536,4944.118408203125
6263.5,6271,16,1.4166324362158775,0.19320740550756454,0.03604840427622989,21.130989088301696,2483736.4642828945,4944.940673828125
6279.5,6287,16,1.4203164726495743,0.19357849657535553,0.036000407583108456,21.214273897653683,2493525.760801101,4945.73095703125
6295.5,6303,16,1.4234608933329582,0.20560713112354279,0.03547230340667407,21.130198466120994,2483643.534551519,4946.574951171875
6311.5,6319,16,1.4217004850506783,0.1926746517419815,0.0355689849556339,21.211902294714168,2493247.002590823,4947.41015625
6327.5,6335,16,1.4212168455123901,0.1815508008003235,0.03580082629129968,21.065284980322836,2476013.6034097793,4948.243408203125
6343.5,6351,16,1.4201956987380981,0.2017129734158516,0.03616065847701534,21.199681038121536,2491810.5160869667,4949.060791015625
6359.5,6367,16,1.4176768511533737,0.21220453083515167,0.036379128437009495,20.799574342806377,2444781.974990036,4949.07568359375
6375.5,6383,16,1.415057472884655,0.18316850066184998,0.03652796148195524,19.928134800565488,2342352.9709127997,4950.6708984375
6391.5,6399,16,1.4159460961818695,0.20411081612110138,0.03592440694443543,21.163469251197455,2487554.182640182,4950.6455078125
6407.5,6415,16,1.4147180914878845,0.22018693387508392,0.03531744011508471,21.112974896059033,2481619.076120858,4951.46826171875
6423.5,6431,16,1.4140463918447495,0.19915438443422318,0.035286470933704434,20.81811203868661,2446960.8957698024,4952.264892578125
6439.5,6447,16,1.4133282527327538,0.17986871302127838,0.037223627053511635,21.091128849641716,2479051.2918178905,4952.21923828125
6455.5,6463,16,1.4142129197716713,0.21259776502847672,0.037567912562129394,21.25462284799881,2498268.3764377357,4953.82861328125
6471.5,6479,16,1.4166964888572693,0.20051108300685883,0.036008036229759455,21.104492911709862,2480622.103677709,4953.79248046875
6487.5,6495,16,1.4133055061101913,0.18916704505681992,0.03689790500864161,21.237320070829924,2496234.608003701,4954.634033203125
6503.5,6511,16,1.4164647683501244,0.20249521732330322,0.03642736445886619,21.085642982925158,2478406.4830422495,4955.44580078125
6519.5,6527,16,1.4138830304145813,0.17442157864570618,0.03609055745641165,21.207541593143088,2492734.4457267458,4957.1240234375
6535.5,6543,16,1.4147940278053284,0.18192141503095627,0.03568350911055776,21.112162468246446,2481523.583355503,4957.142822265625
6551.5,6559,16,1.4136950224637985,0.1847001314163208,0.03613280300333192,19.47570051793742,2289173.845186162,4957.12353515625
6567.5,6575,16,1.4117795377969742,0.19334013760089874,0.035185978948985314,21.055946520890657,2474915.9608850963,4958.768310546875
6583.5,6591,16,1.413682796061039,0.18044977635145187,0.03538019149775871,21.18948928185689,2490612.5770523194,4958.796142578125
6599.5,6607,16,1.4134263098239899,0.15963377058506012,0.03607104559584211,20.998225732607565,2468131.459411607,4958.76220703125
6615.5,6623,16,1.4113617092370987,0.183737650513649,0.0357459899969399,21.233657691942646,2495804.131988104,4959.579345703125
6631.5,6639,16,1.4098670855164528,0.1996120661497116,0.03671148256751511,21.0888645589094,2478785.147084481,4960.38037109375
6647.5,6655,16,1.411161169409752,0.16640490293502808,0.0360347612506964,21.178710805948274,2489345.674990529,4960.3984375
6663.5,6671,16,1.4090618938207626,0.21824703365564346,0.036026260099430205,21.087994508794367,2478682.8813936785,4962.073486328125
6679.5,6687,16,1.4069914072752,0.16958053410053253,0.03592448643140608,20.922246629545256,2459200.875613055,4962.07275390625
6695.5,6703,16,1.4089405834674835,0.1987256035208702,0.03507310983188676,21.098710872592083,2479942.4827979323,4963.72509765625
6711.5,6719,16,1.4091289192438126,0.18116146326065063,0.03671329437797381,21.24276254195327,2496874.316061301,4965.3759765625
6727.5,6735,16,1.4063593372702599,0.21645889431238174,0.03674739551250682,18.88289748697455,2219495.776734789,4965.40576171875
6743.5,6751,16,1.4088455513119698,0.1786821335554123,0.03630559230011634,20.9481041362801,2462240.166963043,4967.1064453125
6759.5,6767,16,1.4099785014986992,0.19086776673793793,0.03661866410578968,21.04068013086716,2473121.5493967896,4967.13037109375
6775.5,6783,16,1.405728168785572,0.1942451000213623,0.03690849476014123,21.15023785538184,2485998.964371729,4967.155029296875
6791.5,6799,16,1.4084007516503334,0.20157554745674133,0.03625859324044237,21.104653716740277,2480641.004701036,4967.16943359375
6807.5,6815,16,1.4101357460021973,0.18703746795654297,0.03650270387967766,20.711313628951366,2434407.8106549317,4968.876220703125
6823.5,6831,16,1.4089114740490913,0.21342302858829498,0.03645099999707643,20.994264477963597,2467665.8535394724,4970.533447265625
6839.5,6847,16,1.4112743511795998,0.1949038803577423,0.037200676185558695,21.192597377028484,2490977.9025597954,4970.54443359375
6855.5,6863,16,1.411233738064766,0.1890905424952507,0.037407222775403745,21.086379429040296,2478493.0449188612,4970.5615234375
6871.5,6879,16,1.4068827405571938,0.17476338148117065,0.037014061264044634,21.16456978533575,2487683.5394231537,4972.2392578125
6887.5,6895,16,1.4062496572732925,0.20745401829481125,0.036114969280209734,21.089794513530364,2478894.45395093,4973.098876953125
6903.5,6911,16,1.406816489994526,0.18563951551914215,0.03711812631015412,20.494838717535863,2408963.3494970417,4973.954833984375
6919.5,6927,16,1.4076290875673294,0.21040843427181244,0.03694539455076059,20.139379945741567,2367182.725345214,4973.9833984375
6935.5,6943,16,1.402119517326355,0.22005046159029007,0.036919245083647016,21.138518249813675,2484621.441929451,4973.9853515625
6951.5,6959,16,1.4017023220658302,0.16753582656383514,0.03652382664255459,21.05405500998318,2474693.632692419,4975.64013671875
6967.5,6975,16,1.403736837208271,0.19482696801424026,0.035644831058258816,21.14497525974855,2485380.3988792873,4976.48779296875
6983.5,6991,16,1.399657517671585,0.18400701135396957,0.03589334114892126,21.06358667628842,2475813.984753024,4977.355224609375
6999.5,7007,16,1.4003930687904358,0.1647748202085495,0.036158445248888296,21.143923774714793,2485256.80732808,4977.3876953125
7015.5,7023,16,1.3993015363812447,0.19045785069465637,0.03652991614106929,21.076656636566934,2477350.227888393,4977.416015625
7031.5,7039,16,1.3965768665075302,0.20359838008880615,0.03548712474223452,21.162031624054933,2487385.2039453844,4980.73388671875
7047.5,7055,16,1.4022021517157555,0.19914723932743073,0.03617389826104045,21.04804934234469,2473987.7265162454,4981.572021484375
7063.5,7071,16,1.4044064283370972,0.19512467086315155,0.03618073668754236,20.694466266021898,2432427.5716107464,4982.423095703125
7079.5,7087,16,1.4048741906881332,0.20030763745307922,0.03687334037738654,21.043722876142052,2473479.1936773863,4982.4345703125
7095.5,7103,16,1.4013594761490822,0.1953776627779007,0.0366854253366138,20.432923836696926,2401685.8743831804,4982.444580078125
7111.5,7119,16,1.3998752608895302,0.21438048779964447,0.03599983778655191,20.990694607862416,2467246.251006623,4984.02880859375
7127.5,7135,16,1.399725817143917,0.2053581103682518,0.035725033242311896,21.174312863169256,2488828.7407948594,4984.866943359375
7143.5,7151,16,1.3991575166583061,0.20786166191101074,0.03524512299124829,21.057030560090737,2475043.378853025,4985.73291015625
7159.5,7167,16,1.3975798338651657,0.22022873163223267,0.035956039372126034,21.18137320407495,2489658.6132672015,4985.77197265625
7175.5,7183,16,1.3979019150137901,0.19150633364915848,0.035181558814435965,21.06321778393332,2475770.625145486,4985.802001953125
7191.5,7199,16,1.3962033614516258,0.2035924792289734,0.03566717890895564,21.186639347039375,2490277.5957129453,4987.46142578125
7207.5,7215,16,1.3971454948186874,0.18062903732061386,0.035291399944319644,21.083549002701805,2478160.3566061184,4988.354248046875
7223.5,7231,16,1.4016707763075829,0.17350227385759354,0.03531913733406161,21.156509390340595,2486736.120592812,4989.215087890625
7239.5,7247,16,1.3991598337888718,0.21485838294029236,0.03535107430776186,21.068463279454093,2476387.1806906965,4989.22900390625
7255.5,7263,16,1.3982834368944168,0.17747903615236282,0.03576224767179652,21.191750249517646,2490878.3311918965,4990.0498046875
7271.5,7279,16,1.399303451180458,0.21831291913986206,0.03593693496871062,20.58807281433411,2419922.085264905,4990.87890625
7287.5,7295,16,1.3953214511275291,0.17147473990917206,0.03585405154929806,20.846595389083422,2450308.8287846693,4992.525634765625
7303.5,7311,16,1.3959601819515228,0.1708880066871643,0.03572170373235801,21.056845977281228,2475021.6829895354,4992.49267578125
7319.5,7327,16,1.394609957933426,0.19114813208580017,0.035991494938956974,20.858514259144602,2451709.7727755206,4992.47265625
7335.5,7343,16,1.3952739238739014,0.20142100006341934,0.03535896150225943,21.095254274125832,2479536.1942130895,4993.288818359375
7351.5,7359,16,1.392935261130333,0.19813887774944305,0.035688333597852645,21.20609023561653,2492563.8531626035,4994.09521484375
7367.5,7375,16,1.3906133249402046,0.19656109064817429,0.03532818398283173,21.091313307045944,2479072.972941243,4997.37890625
7383.5,7391,16,1.3875169530510902,0.1910625919699669,0.035022253096527,21.172481267982455,2488613.4550960097,4997.369140625
7399.5,7407,16,1.389037936925888,0.19523239135742188,0.036568194440791776,21.040846504468348,2473141.104949928,4997.34375
7415.5,7423,16,1.387618474662304,0.18727371841669083,0.035601349815613394,21.170524814678043,2488383.4935739757,4998.16650390625
7431.5,7439,16,1.388562649488449,0.1740354299545288,0.03515686201298553,21.090652234401958,2478995.270462455,4999
7447.5,7455,16,1.3898505568504333,0.17421967536211014,0.03548294155519795,21.150487744360916,2486028.336322411,5000.676025390625
7463.5,7471,16,1.3901568427681923,0.18954622000455856,0.035495557741149125,19.666463874421744,2311596.170169114,5000.69091796875
7479.5,7487,16,1.3880081921815872,0.21108001470565796,0.03615240454250439,21.079469615789442,2477680.865467118,5000.67333984375
7495.5,7503,16,1.3905854150652885,0.1854984015226364,0.03498072088978282,21.16910415441485,2488216.509166179,5000.6845703125
7511.5,7519,16,1.389544628560543,0.18340101838111877,0.03490563504623644,21.10955019199961,2481216.5364046036,5000.69091796875
7527.5,7535,16,1.3894638791680336,0.14856306463479996,0.03533410956504557,21.18357855081441,2489917.8297236715,5004.001708984375
7543.5,7551,16,1.3855990543961525,0.17049278318881989,0.03485561342853488,21.106268292889002,2480830.78198208,5004.021240234375
7559.5,7567,16,1.3891388922929764,0.1791938692331314,0.03493003185245801,21.178425667150044,2489312.1597760934,5004.01904296875
7575.5,7583,16,1.3861369490623474,0.17488659918308258,0.03472737789817268,20.843962081267865,2449999.3097831756,5003.989013671875
7591.5,7599,16,1.3935505896806717,0.21269647777080536,0.03435221159209807,21.17451637413334,2488852.661473644,5007.267578125
7607.5,7615,16,1.389716014266014,0.2097657322883606,0.0351479226673925,21.07671718708614,2477357.34499644,5007.275390625
7623.5,7631,16,1.3912283629179,0.16575204581022263,0.035156444307755344,21.17949325951656,2489437.644583199,5007.257080078125
7639.5,7647,16,1.3911730125546455,0.20893888175487518,0.035218700643092626,18.718051344347856,2200119.7610770566,5007.171875
7655.5,7663,16,1.3881587237119675,0.17780494689941406,0.035193991656838494,21.10754081191097,2480980.3538683336,5008.780029296875
7671.5,7679,16,1.3908188119530678,0.20674251019954681,0.03573069630797501,21.08394176786883,2478206.5222239774,5010.4130859375
7687.5,7695,16,1.3914482221007347,0.1837046667933464,0.03481553324540569,21.184063154099768,2489974.7899939893,5010.37548828125
7703.5,7711,16,1.3890912905335426,0.18101338297128677,0.03437816783799931,20.996812462756555,2467965.3436728613,5011.189697265625
7719.5,7727,16,1.3886537849903107,0.16647031903266907,0.03467671798584475,20.707068468495187,2433908.8344935384,5011.98095703125
7735.5,7743,16,1.3853439837694168,0.20446983724832535,0.03457138417500326,21.12238331753018,2482724.9419836234,5012.761962890625
7751.5,7759,16,1.3856180533766747,0.20544131100177765,0.03455907211878873,21.190995896438032,2490789.664530675,5013.53564453125
7767.5,7775,16,1.3869806304574013,0.17058966308832169,0.03463055912729804,21.1211688620408,2482582.1948850085,5013.510986328125
7783.5,7791,16,1.383417934179306,0.17784126102924347,0.03445334864469866,21.192061501986142,2490914.9158071443,5015.10595703125
7799.5,7807,16,1.3836098909378052,0.17583994567394257,0.03462180477623461,21.124310212562186,2482951.42922631,5015.08935546875
7815.5,7823,16,1.3838107883930206,0.18789305537939072,0.03454602294545056,20.36301416659601,2393468.691736876,5015.86572265625
7831.5,7839,16,1.3832405284047127,0.19790023565292358,0.03410674179692499,19.57445484072438,2300781.4283185257,5016.68017578125
7847.5,7855,16,1.3831137642264366,0.19965430349111557,0.03432824425258194,21.20681445958091,2492648.9784476124,5016.6689453125
7863.5,7871,16,1.3842411413788795,0.188606895506382,0.03382943630232617,21.097595015560834,2479811.3249621177,5018.29150390625
7879.5,7887,16,1.3855530470609665,0.1662980318069458,0.034128262301568284,21.17589369878388,2489014.5522135147,5018.29150390625
7895.5,7903,16,1.3837539702653885,0.1924266666173935,0.03489800382433741,21.110878121045822,2481372.621185126,5019.088623046875
7911.5,7919,16,1.3834244459867477,0.23907119035720825,0.0347482756196493,21.222837239748266,2494532.2960336725,5019.8896484375
7927.5,7935,16,1.3824566155672073,0.1954376995563507,0.03439680237859262,21.10402037772915,2480566.562033463,5019.89453125
7943.5,7951,16,1.3793136030435562,0.1651838943362236,0.03529988639550566,21.19474975473143,2491230.8930356964,5021.515625
7959.5,7967,16,1.379954770207405,0.1873379647731781,0.03499979127523009,21.09434510461118,2479429.330428043,5021.4873046875
7975.5,7983,16,1.3844263032078743,0.1746978685259819,0.03444586191890818,20.66713543224844,2429215.105400162,5022.2666015625
7991.5,7999,16,1.3803680092096329,0.1859402358531952,0.033857499146975126,21.059221524468775,2475300.904806729,5023.08056640625
8007.5,8015,16,1.3781126886606216,0.21840280294418335,0.034675281904073374,19.86965151903883,2335478.845983214,5023.0703125
8023.5,8031,16,1.3817108273506165,0.1860424056649208,0.03422447265069367,20.62955479381415,2424797.877146424,5026.30810546875
8039.5,8047,16,1.3785147368907928,0.22149482369422913,0.03406430852500665,21.178484340455473,2489319.056236432,5026.28125
8055.5,8063,16,1.3795996457338333,0.1736784428358078,0.03381519646482599,21.085886412527937,2478435.0957578393,5027.917724609375
8071.5,8079,16,1.377996027469635,0.17544789612293243,0.034210707135075194,21.169443783968646,2488256.429224043,5027.919921875
8087.5,8095,16,1.3770976513624191,0.19023582339286804,0.034122403136059416,21.122602129145765,2482750.66110099,5028.683349609375
8103.5,8111,16,1.380335420370102,0.18042736500501633,0.034498860258750166,21.19942517497895,2491780.4419331043,5029.454833984375
8119.5,8127,16,1.3801348060369492,0.21197116374969482,0.03495189141848999,21.107292399945923,2480951.155525882,5029.43017578125
8135.5,8143,16,1.3788745552301407,0.20035770535469055,0.034226267570347496,21.19905466203138,2491736.891841127,5031.07470703125
8151.5,8159,16,1.3803994879126549,0.17943182587623596,0.033939654801294884,21.101144081269602,2480228.482146676,5031.10791015625
8167.5,8175,16,1.3788992166519165,0.21087384968996048,0.033884008545569624,21.198539233644613,2491676.3083883794,5031.9306640625
8183.5,8191,16,1.3776386454701424,0.1669892892241478,0.03363116365278873,20.43757231396503,2402232.2564027794,5032.755615234375
8199.5,8207,16,1.3778001964092255,0.1705741584300995,0.03434711205420282,20.41013065031148,2399006.7632480524,5032.728515625
8215.5,8223,16,1.375156782567501,0.22341538220643997,0.034562496203844516,21.10516679349812,2480701.311743319,5034.29931640625
8231.5,8239,16,1.3769054859876633,0.1500103920698166,0.03387023263371013,20.746358855587005,2438527.026605036,5034.26806640625
8247.5,8255,16,1.3764505684375763,0.21212317794561386,0.0336088122002724,21.075474152013335,2477211.2386535807,5035.0888671875
8263.5,8271,16,1.378960408270359,0.1955776959657669,0.03388012454943788,21.172852358481848,2488657.073073428,5035.904541015625
8279.5,8287,16,1.381328247487545,0.1609364002943039,0.033789268948815086,21.085480848541287,2478387.4257667167,5035.890625
8295.5,8303,16,1.3817250952124596,0.1850309893488884,0.033632090308167266,21.17411919794383,2488805.9773842,5037.491455078125
8311.5,8319,16,1.3776235058903694,0.19237233698368073,0.033944454552097755,21.062878453880263,2475730.7402909393,5037.45849609375
8327.5,8335,16,1.3778055384755135,0.22004125267267227,0.03417936787291458,21.212492648829787,2493316.3928137636,5038.254638671875
8343.5,8351,16,1.3762966990470886,0.1967897191643715,0.034148788481781434,21.117366095319333,2482135.2176833358,5039.04638671875
8359.5,8367,16,1.3795577511191368,0.130410835146904,0.03398148102375368,21.18324078539518,2489878.1287761857,5039.037109375
8375.5,8383,16,1.3826560750603676,0.24098414927721024,0.034368762813480294,19.349943889476627,2274392.41103615,5042.274658203125
8391.5,8399,16,1.3793827891349792,0.21843765676021576,0.033713267029573515,20.87497572384744,2453644.6533420235,5042.25
8407.5,8415,16,1.3789418414235115,0.17003540694713593,0.03429018317326678,21.19249816800008,2490966.2415305637,5043.042236328125
8423.5,8431,16,1.3760712966322899,0.1635468751192093,0.034347404898708744,21.09280699455601,2479248.54097166,5043.8134765625
8439.5,8447,16,1.37510297447443,0.255258709192276,0.033695561486776125,21.185688976906704,2490165.8892072435,5043.7783203125
8455.5,8463,16,1.375648558139801,0.18746556341648102,0.033715020187876435,21.08970097462313,2478883.459387744,5045.385986328125
8471.5,8479,16,1.375774510204792,0.1739310324192047,0.033804669683432265,21.17621639049449,2489052.4813972837,5045.35302734375
8487.5,8495,16,1.374846912920475,0.18682073801755905,0.033675409320770115,20.60411008003737,2421807.10548086,5046.13916015625
8503.5,8511,16,1.372493863105774,0.1991148367524147,0.033995807276700034,21.179791035644474,2489472.645189371,5046.921875
8519.5,8527,16,1.3725949078798294,0.18339179456233978,0.03355365332963905,21.09219291999428,2479176.3626474757,5048.525390625
8535.5,8543,16,1.3725744038820267,0.19664788991212845,0.03325292606005502,21.18993093472472,2490664.488930547,5048.515380859375
8551.5,8559,16,1.37416173517704,0.16779200732707977,0.033672437936095805,20.24899389912462,2380066.7494613603,5048.50439453125
8567.5,8575,16,1.3708771616220474,0.19639255106449127,0.034145167697164594,19.541880401795027,2296952.6287562195,5050.105224609375
8583.5,8591,16,1.371054768562317,0.1906566619873047,0.03432817086154087,21.075629163704807,2477229.4587278464,5050.072509765625
8599.5,8607,16,1.371744655072689,0.16706791520118713,0.03417686362764939,21.180406922947707,2489545.036583192,5051.67041015625
8615.5,8623,16,1.37088543176651,0.17207111418247223,0.033708868266055084,21.074087035542043,2477048.1969830953,5051.65380859375
8631.5,8639,16,1.3776564598083496,0.199067160487175,0.033674236979674206,21.18310015990094,2489861.5996555476,5051.642578125
8647.5,8655,16,1.374702662229538,0.19383647292852402,0.03410131895957006,21.085799152954955,2478424.839267602,5053.236572265625
8663.5,8671,16,1.3734088093042374,0.1965019628405571,0.03381462212807188,21.194325315338997,2491181.0044293725,5053.196533203125
8679.5,8687,16,1.3748577237129211,0.19034653902053833,0.033414532599801365,21.107461201313175,2480970.996438644,5054.7978515625
8695.5,8703,16,1.372394137084484,0.18107718974351883,0.03321068862692989,21.200077875690745,2491857.16037498,5054.800537109375
8711.5,8719,16,1.375258058309555,0.24625873565673828,0.033384058458702355,21.08410783507702,2478226.0417636824,5054.78271484375
8727.5,8735,16,1.3723163977265358,0.16437549144029617,0.03362801245230278,20.215824029469672,2376167.962971375,5058.014892578125
8743.5,8751,16,1.3762352988123894,0.1970858871936798,0.03354896624770129,19.246485155130237,2262231.8713675677,5057.97314453125
8759.5,8767,16,1.3711713552474976,0.18883883953094482,0.0331561879544152,21.182288819358245,2489766.2346878964,5059.572265625
8775.5,8783,16,1.369504339993,0.20095888525247574,0.03330910516634696,21.06507513464265,2475988.9381484617,5059.555419921875
8791.5,8799,16,1.369140900671482,0.15331649780273438,0.03434395193206993,21.163749117905773,2487587.078173168,5059.53173828125
8807.5,8815,16,1.3706883192062378,0.19672517478466034,0.0336850408789222,21.085674725480523,2478410.214062217,5061.11474609375
8823.5,8831,16,1.3695559278130531,0.20606078207492828,0.033517049607877256,21.19433180150511,2491181.7668133397,5061.077392578125
8839.5,8847,16,1.3678523525595665,0.15662650763988495,0.03325118125190563,21.100710358077116,2480177.5023224913,5062.673828125
8855.5,8863,16,1.3705817312002182,0.20932172238826752,0.03298634332675261,21.175049217631617,2488915.2918986036,5062.66748046875
8871.5,8879,16,1.3664907813072205,0.1912209689617157,0.033506348520997126,21.104028960068995,2480567.570801691,5062.6455078125
8887.5,8895,16,1.3699971735477448,0.2019703909754753,0.03415478762083997,21.21929063176926,2494115.427730671,5064.22509765625
8903.5,8911,16,1.3761577531695366,0.18377389013767242,0.03359566933376658,21.108858652796293,2481135.252886422,5064.179443359375
8919.5,8927,16,1.3730283007025719,0.1779685914516449,0.032905268810943446,20.778971784527954,2442360.3502833177,5065.76513671875
8935.5,8943,16,1.3707313761115074,0.20092496275901794,0.03286520308448058,20.29065166172213,2384963.2028905633,5065.761474609375
8951.5,8959,16,1.3696532249450684,0.17172737419605255,0.03349668494157606,21.10402153707046,2480566.6983024403,5065.7490234375
8967.5,8975,16,1.3691811338067055,0.18143142759799957,0.033302157037806784,21.17899137205451,2489378.6527307476,5067.37109375
8983.5,8991,16,1.3679164126515388,0.2162315919995308,0.03294084572487257,21.08275171795993,2478066.6437573005,5067.356201171875
8999.5,9007,16,1.368560329079628,0.16773474216461182,0.03343864803019008,20.692967868320117,2432251.4499443937,5068.962890625
9015.5,9023,16,1.3659349009394646,0.20429231971502304,0.033398898646489455,21.058826935897706,2475254.524865957,5068.94873046875
9031.5,9039,16,1.3673635199666023,0.17370501160621643,0.03380770517767153,21.190771358733723,2490763.272368837,5068.923828125
9047.5,9055,16,1.366193450987339,0.21275465190410614,0.03331324446480721,21.135804125903306,2484302.423804147,5070.503662109375
9063.5,9071,16,1.3650242909789085,0.17789112776517868,0.03303908757075216,21.192602003396914,2490978.4463431416,5072.103515625
9079.5,9087,16,1.3688248693943024,0.1856752187013626,0.03311662499397767,21.102865416922683,2480430.8079398964,5073.70703125
9095.5,9103,16,1.3668149933218956,0.19472290575504303,0.033217448547172054,19.280430580715667,2266221.816701873,5073.693359375
9111.5,9119,16,1.3664925768971443,0.17090564966201782,0.033649492345637445,20.540202673407098,2414295.4288848396,5075.28173828125
9127.5,9135,16,1.364053338766098,0.19100245833396912,0.033995758216461225,21.144340945208658,2485305.8415480633,5075.24755859375
9143.5,9151,16,1.3637849539518356,0.2075851485133171,0.03355376843969817,21.210633554608947,2493097.8748784442,5076.024658203125
9159.5,9167,16,1.3654531389474869,0.17905180156230927,0.03369874291996838,21.120818322430885,2482540.9924591454,5076.7978515625
9175.5,9183,16,1.3640717044472694,0.1738470420241356,0.033017291122991024,21.15862751116469,2486985.0845151627,5076.7685546875
9191.5,9199,16,1.3646068274974823,0.19391664862632751,0.03291411703861686,21.102786272444476,2480421.5052979025,5078.365234375
9207.5,9215,16,1.3659793734550476,0.19148653000593185,0.03349049443689485,21.176088068807616,2489037.3984661666,5078.349853515625
9223.5,9231,16,1.3633221462368965,0.20251476019620895,0.03342186209082491,21.118410281336025,2482257.951308076,5079.12646484375
9239.5,9247,16,1.3640741556882858,0.19436073303222656,0.03315467499267084,21.173001956509303,2488674.6568256235,5079.9111328125
9255.5,9263,16,1.360459990799427,0.2053619921207428,0.03295366545772237,20.72075198689425,2435517.195250596,5079.913330078125
9271.5,9279,16,1.3623046055436134,0.19847171008586884,0.03290861010353899,21.13473487862293,2484176.744478466,5081.5185546875
9287.5,9295,16,1.3597785979509354,0.19244986027479172,0.033313626162425586,21.027007410818747,2471514.457877871,5081.472412109375
9303.5,9311,16,1.360123671591282,0.1800655648112297,0.03319593637151587,21.060884804016574,2475496.406685316,5082.271728515625
9319.5,9327,16,1.357129193842411,0.14454853534698486,0.033249505082935546,21.105216111612016,2480707.1085944427,5083.04541015625
9335.5,9343,16,1.358821488916874,0.18182021379470825,0.033233432550773476,20.426762095854563,2400961.6233625733,5083.0029296875
9351.5,9359,16,1.3602318242192268,0.19741597771644592,0.0333579552790263,19.557834537388104,2298827.8778589973,5084.60009765625
9367.5,9375,16,1.359312392771244,0.18895167112350464,0.03322393193163655,21.1095807627178,2481220.1296868296,5084.58544921875
9383.5,9391,16,1.3580294102430344,0.18773749470710754,0.03324931560817993,21.132736162824873,2483941.815422915,5085.368896484375
9399.5,9407,16,1.3581584319472313,0.1875883936882019,0.0333066038385203,21.086671266752614,2478527.3475236623,5086.1591796875
9415.5,9423,16,1.3631409481167793,0.18472705781459808,0.03267513610648386,21.141059070574165,2484920.090002462,5086.14013671875
9431.5,9439,16,1.3593912571668625,0.20426300168037415,0.03283702606462281,21.120072529870207,2482453.332001322,5089.34619140625
9447.5,9455,16,1.3626031428575516,0.17560691386461258,0.03264448691554593,21.155478143196383,2486614.907803148,5089.344970703125
9463.5,9471,16,1.3582843095064163,0.1813644915819168,0.03291106964179286,21.136439552374608,2484377.11183179,5090.132568359375
9479.5,9487,16,1.3604762330651283,0.20130322873592377,0.03321409255802406,21.170024964917594,2488324.74123297,5090.9208984375
9495.5,9503,16,1.364110305905342,0.18457350134849548,0.03257600270973688,21.146645394524306,2485576.7065213704,5090.89111328125
9511.5,9519,16,1.3652950823307037,0.1728723794221878,0.0329852576797941,21.191964627633325,2490903.529195683,5092.48095703125
9527.5,9535,16,1.3630175366997719,0.18338045477867126,0.0330146756446497,20.527697220613998,2412825.537959488,5092.453125
9543.5,9551,16,1.3623747825622559,0.19872241467237473,0.033535199388015,20.728010624670596,2436370.375537178,5093.2255859375
9559.5,9567,16,1.3634661957621574,0.21681402623653412,0.032930806843620354,21.10630371689478,2480834.94571973,5094.01123046875
9575.5,9583,16,1.3613401725888252,0.18209803849458694,0.03243661225970947,21.13832022856184,2484598.1665114467,5093.99365234375
9591.5,9599,16,1.3585659861564636,0.16699209809303284,0.03266002163714306,21.115555746678726,2481922.429303532,5095.583984375
9607.5,9615,16,1.3572484627366066,0.18734584748744965,0.03289887196539591,20.811384833064196,2446170.1800187654,5095.55029296875
9623.5,9631,16,1.3612629249691963,0.19003619253635406,0.032841635451680326,21.10706448236592,2480924.366093455,5096.3251953125
9639.5,9647,16,1.355727531015873,0.17419174313545227,0.03272876712126714,21.14463862063102,2485340.8303173045,5097.08984375
9655.5,9663,16,1.3613280057907104,0.16818460822105408,0.03237427342824187,21.1308448190234,2483719.5068718772,5097.08935546875
9671.5,9679,16,1.3600837588310242,0.19746653735637665,0.03271670985938699,21.132800620534518,2483949.3917821273,5098.669921875
9687.5,9695,16,1.3608143776655197,0.21983491629362106,0.03305332063146951,21.12561926845612,2483105.2956565064,5098.6611328125
9703.5,9711,16,1.3583163619041443,0.18370583653450012,0.03284379897046495,20.251988184330155,2380418.6977453884,5100.223388671875
9719.5,9727,16,1.3598075434565544,0.20887550711631775,0.0327974035559843,20.67380608230895,2429999.1736104344,5100.20849609375
9735.5,9743,16,1.357734277844429,0.19477716088294983,0.032265230085503194,21.179585883781783,2489448.5316393636,5100.9921875
9751.5,9759,16,1.3586593121290207,0.21285434067249298,0.032200983467963386,21.037098856801762,2472700.606441983,5101.7998046875
9767.5,9775,16,1.3563601598143578,0.2079942524433136,0.03277949142185124,21.16591352305882,2487841.4823555583,5101.802490234375
9783.5,9791,16,1.3529240861535072,0.1811799332499504,0.03272082919438342,21.095533112452763,2479568.9688701276,5103.388671875
9799.5,9807,16,1.3566900715231895,0.18874406814575195,0.032240129185304264,21.16166400422797,2487341.9939108035,5104.96533203125
9815.5,9823,16,1.3578415364027023,0.16334953904151917,0.03233565654690293,21.096902274758396,2479729.9002079745,5104.95263671875
9831.5,9839,16,1.355167381465435,0.20056754350662231,0.0323131187945943,21.150877738871735,2486074.1762773385,5104.94091796875
9847.5,9855,16,1.3512432277202606,0.17849662899971008,0.032351487330302145,21.101277720360898,2480244.19008551,5104.92626953125
9863.5,9871,16,1.355525128543377,0.1705636903643608,0.032560409187819016,21.172096246216398,2488568.199637503,5108.108642578125
9879.5,9887,16,1.3552033305168152,0.17073018848896027,0.032327716877317114,19.361182904538797,2275713.444870198,5108.0751953125
9895.5,9903,16,1.3536615297198296,0.18497435748577118,0.03238052465233275,21.037296521306118,2472723.839927889,5108.047607421875
9911.5,9919,16,1.3520145192742348,0.22884368896484375,0.032461117804897105,21.18053267121597,2489559.8170346846,5108.021484375
9927.5,9935,16,1.3512673676013947,0.18622864037752151,0.0322927653323859,21.06450819370147,2475922.2999100527,5108.01708984375
9943.5,9951,16,1.353630930185318,0.19363445788621902,0.03170325501229275,21.143532739773867,2485210.845080997,5111.222412109375
9959.5,9967,16,1.3533311113715172,0.21093939244747162,0.03190291290891103,20.95459516864151,2463003.122908906,5111.2197265625
9975.5,9983,16,1.3512434586882591,0.18785382062196732,0.03257917189109845,21.09330617162694,2479307.2142447387,5111.2197265625
9991.5,9999,16,1.3486529886722565,0.22617217898368835,0.0322359129080944,21.069356963954554,2476492.2243671706,5111.2216796875
10007.5,10015,16,1.3526069596409798,0.18825019150972366,0.03231717329331194,21.166569521444032,2487918.5884059686,5111.21875
10023.5,10031,16,1.3518647849559784,0.18932484835386276,0.03248360558328303,21.11771668341053,2482176.4258076884,5114.399169921875
10039.5,10047,16,1.3520855382084846,0.1793457716703415,0.03268625243623374,21.16584390002676,2487833.2988643474,5114.38134765625
10055.5,10063,16,1.3513575345277786,0.1844511777162552,0.032334079997698696,19.989706422519177,2349590.0993771777,5115.960205078125
10071.5,10079,16,1.3507216796278954,0.19276729226112366,0.03242111558122843,20.932185832671713,2460369.1295517576,5117.52978515625
10087.5,10095,16,1.3463035449385643,0.19925031065940857,0.03199319288162797,21.106390337173142,2480845.127067277,5117.50927734375
10103.5,10111,16,1.3479015529155731,0.20386498421430588,0.03185601813267126,21.196493880956368,2491435.8976327404,5117.49072265625
10119.5,10127,16,1.3495079055428505,0.19372780621051788,0.032188963582457014,21.067668335110287,2476293.742932268,5117.4677734375
10135.5,10143,16,1.3500909954309464,0.15787287056446075,0.032203343633393,21.164657357492246,2487693.832654456,5119.069091796875
10151.5,10159,16,1.3447786197066307,0.18717657029628754,0.03220766742191644,21.127309958788075,2483304.019398672,5120.6435546875
10167.5,10175,16,1.3487876877188683,0.18820998817682266,0.03264738392494054,21.2087667456622,2492878.450154239,5120.618408203125
10183.5,10191,16,1.3491934761404991,0.20505530387163162,0.032268859287300576,21.106265174488207,2480830.4154452495,5120.59375
10199.5,10207,16,1.3509386479854584,0.19338977336883545,0.03227620365479114,21.21225749672943,2493288.7530358112,5120.57373046875
10215.5,10223,16,1.3513637632131577,0.207807756960392,0.0320470006466194,21.001254222565525,2468487.4281222466,5122.16845703125
10231.5,10239,16,1.3523630499839783,0.1622515767812729,0.032069522640526746,21.039256821240027,2472954.2535827556,5123.748046875
10247.5,10255,16,1.356804296374321,0.18729282915592194,0.031933257571478,19.920963553198817,2341510.062494999,5123.710205078125
10263.5,10271,16,1.3561021015048027,0.183461531996727,0.03180469712242484,21.08667519863984,2478527.8096776875,5123.674560546875
10279.5,10287,16,1.355478622019291,0.1885642558336258,0.03174775159057004,21.178635459484465,2489336.8187671485,5123.66748046875
10295.5,10303,16,1.3527005463838577,0.17132558673620224,0.03170951521447436,21.080810376004766,2477838.4584232615,5125.238525390625
10311.5,10319,16,1.3507133051753044,0.1772545725107193,0.03188433516488383,21.190655092439005,2490749.606428519,5126.82763671875
10327.5,10335,16,1.3498318642377853,0.1869841367006302,0.03164232084457057,21.120181785021956,2482466.173851894,5126.801513671875
10343.5,10351,16,1.3482234328985214,0.18259980529546738,0.03130852154484301,21.183085346442777,2489859.8584816707,5126.787109375
10359.5,10367,16,1.3490164577960968,0.19789674878120422,0.03184710034155146,21.08936167661657,2478843.578299943,5126.77587890625
10375.5,10383,16,1.3491141200065613,0.21851350367069244,0.031867780232322264,21.192685957915995,2490988.314357342,5128.33642578125
10391.5,10399,16,1.3471010625362396,0.1974368393421173,0.03164114689482658,21.087905235736258,2478672.388238399,5129.91064453125
10407.5,10415,16,1.348523736000061,0.19583296030759811,0.031587247768501664,21.177029365125854,2489148.038435718,5129.897216796875
10423.5,10431,16,1.3495093435049057,0.20207533240318298,0.031546289284685336,20.075412571466707,2359664.0001522293,5131.457275390625
10439.5,10447,16,1.3485154062509537,0.16327133774757385,0.031450994718452974,21.134803021509295,2484184.753993351,5133.04248046875
10455.5,10463,16,1.3454019650816917,0.20585305243730545,0.031366972157477656,21.080742775852762,2477830.5127013735,5133.036865234375
10471.5,10479,16,1.3459182679653168,0.19518382847309113,0.03103497882627628,20.89028640137416,2455444.270383473,5133.04345703125
10487.5,10495,16,1.3462363108992577,0.19170430302619934,0.03092390932777727,20.973850204838584,2465266.3598697465,5133.041259765625
10503.5,10511,16,1.3451381996273994,0.19992762058973312,0.03162402664946223,21.17947048054171,2489434.967142488,5136.21142578125
10519.5,10527,16,1.345400482416153,0.14686179161071777,0.031355086414171666,21.10469748817964,2480646.1495960327,5136.19384765625
10535.5,10543,16,1.341827131807804,0.18416878581047058,0.03120465385445366,21.175686054613614,2488990.1457176735,5136.179931640625
10551.5,10559,16,1.3417269811034203,0.18548227846622467,0.031498348795470185,21.09920548216762,2480000.619207601,5136.16259765625
10567.5,10575,16,1.3438736721873283,0.19197284430265427,0.03096128281939662,21.18566388783632,2490162.940237902,5136.164794921875
10583.5,10591,16,1.3447228893637657,0.1799505576491356,0.031035904790218352,21.10978486520647,2481244.119893415,5139.35986328125
10599.5,10607,16,1.344005636870861,0.22423478960990906,0.0309638163907397,20.923559967116944,2459355.245311656,5139.35546875
10615.5,10623,16,1.3415563255548477,0.16509044915437698,0.03155898276688249,20.67682032826172,2430353.4680806994,5139.3427734375
10631.5,10639,16,1.3400468975305557,0.18656998872756958,0.03166879953774201,21.153760359137912,2486412.9994643587,5139.31689453125
10647.5,10655,16,1.344648614525795,0.19892551749944687,0.03175195650846669,21.114951734026832,2481851.4336562324,5140.90185546875
10663.5,10671,16,1.343000866472721,0.19579246640205383,0.0314007951546404,21.17999274132905,2489496.353675601,5142.47802734375
10679.5,10687,16,1.342121884226799,0.16856656968593597,0.03098312724438129,21.082420106274782,2478027.666119721,5142.46142578125
10695.5,10703,16,1.3433154225349426,0.19522741436958313,0.031374183875000614,21.207110931201054,2492683.825721939,5142.45166015625
10711.5,10719,16,1.3438379168510437,0.17540737986564636,0.031131247361896163,21.056976507390317,2475037.0254985997,5142.44970703125
10727.5,10735,16,1.3507174253463745,0.2254350632429123,0.031480189416359994,20.857152269628777,2451549.6845273892,5144.035400390625
10743.5,10751,16,1.3494881987571716,0.18885233998298645,0.03152613557705825,21.028865360625392,2471732.841298746,5145.59765625
10759.5,10767,16,1.3482171297073364,0.18984495103359222,0.03143184805980347,21.196892684120193,2491482.772956746,5145.57421875
10775.5,10783,16,1.3460696265101433,0.20260649919509888,0.031283195970128436,21.113641313463766,2481697.406822826,5147.150634765625
10791.5,10799,16,1.3473535403609276,0.21066972613334656,0.03103496506104641,19.845631933754063,2332655.5839210637,5148.74462890625
10807.5,10815,16,1.3444685339927673,0.1814301460981369,0.03101663007471485,21.171782180503634,2488531.2843535226,5148.728515625
10823.5,10831,16,1.3427777662873268,0.17691011726856232,0.031088683256794782,21.0926612818113,2479231.4138956,5150.29443359375
10839.5,10847,16,1.3413610830903053,0.19199539721012115,0.030982794046091534,21.175389323894738,2488955.2679888806,5151.8603515625
10855.5,10863,16,1.3427167609333992,0.17852436006069183,0.031226861886821236,21.096488275012362,2479681.2386776926,5151.850830078125
10871.5,10879,16,1.341913878917694,0.20538942515850067,0.03149912543030399,21.19240310502147,2490955.0678280275,5151.83935546875
10887.5,10895,16,1.3392260670661926,0.19759759306907654,0.03139894856422236,21.094595462314977,2479458.7574726287,5153.39990234375
10903.5,10911,16,1.3395588919520378,0.18572038412094116,0.031323140363604056,21.159988408188305,2487145.044351759,5154.982666015625
10919.5,10927,16,1.3373805359005928,0.21658936142921448,0.03092366687699475,21.112576420716422,2481572.239328958,5154.97509765625
10935.5,10943,16,1.3356623873114586,0.19835294038057327,0.031132077039783875,21.199643498042988,2491806.1036261218,5154.9697265625
10951.5,10959,16,1.3407296538352966,0.19736748933792114,0.031214244695464993,21.08311090218395,2478108.8622711077,5154.95654296875
10967.5,10975,16,1.3405195698142052,0.18882004171609879,0.030834440593466614,20.113770180250217,2364172.5535010663,5156.546630859375
10983.5,10991,16,1.3457114547491074,0.19498616456985474,0.03131685819420399,20.849095233068994,2450602.6604475426,5158.126953125
10999.5,11007,16,1.3472834900021553,0.20108652114868164,0.030921458965167403,21.109324093707947,2481189.960811328,5158.107421875
11015.5,11023,16,1.3463642001152039,0.18679296970367432,0.03090134467647383,21.090167184269635,2478938.257669745,5158.08740234375
11031.5,11039,16,1.3477754294872284,0.17279765009880066,0.030954541522078216,21.178633027365734,2489336.5328959124,5158.09228515625
11047.5,11055,16,1.3477362170815468,0.1868097335100174,0.03113213393159888,21.08671071054416,2478531.983746933,5159.667724609375
11063.5,11071,16,1.3455246984958649,0.19158416241407394,0.03064033271265075,21.165437417157523,2487785.520867766,5161.24658203125
11079.5,11087,16,1.3426693305373192,0.21963153779506683,0.030558511096222155,21.059754972541334,2475363.6062933505,5161.2392578125
11095.5,11103,16,1.3435817658901215,0.2053147479891777,0.03110131171927082,21.17998444136579,2489495.3780979165,5161.227783203125
11111.5,11119,16,1.3453816547989845,0.1787565052509308,0.031270008784662365,21.096059617648404,2479630.854290994,5161.22314453125
11127.5,11135,16,1.3434965163469315,0.2094167321920395,0.03120033568208755,21.18585758095906,2490185.706927612,5162.80859375
11143.5,11151,16,1.3462771102786064,0.18312467634677887,0.03083137722657711,21.07483005170164,2477135.5311027346,5164.387451171875
11159.5,11167,16,1.3491843566298485,0.19507114589214325,0.03060231830529643,19.983463402494927,2348856.2948015057,5164.3701171875
11175.5,11183,16,1.345466986298561,0.19355785846710205,0.030941150038305554,21.07526790852757,2477186.996794197,5164.3564453125
11191.5,11199,16,1.3468368127942085,0.16863766312599182,0.03094046941083489,21.179848887131616,2489479.445053188,5164.34228515625
11207.5,11215,16,1.345145583152771,0.20552194863557816,0.031149990613233633,21.05715637444614,2475058.1670724,5165.91064453125
11223.5,11231,16,1.3468459844589233,0.16997774690389633,0.03078827275330144,21.065417705053136,2476029.2038746215,5167.486328125
11239.5,11247,16,1.3448513895273209,0.17133158445358276,0.030790544115006927,20.836775396937135,2449154.586904614,5167.47705078125
11255.5,11263,16,1.3432761207222939,0.23453039675951004,0.03114623235976041,21.013113366208046,2469881.3518698295,5170.6376953125
11271.5,11279,16,1.3445384725928307,0.17700187861919403,0.030796686921155815,21.002998104781724,2468692.4040385038,5170.62158203125
11287.5,11295,16,1.3422963097691536,0.18098469078540802,0.03093021855492032,20.993336971542558,2467556.8344344427,5170.63134765625
11303.5,11311,16,1.3425350189208984,0.19914235919713974,0.030762068948454478,21.095441895616034,2479558.2472431087,5170.6328125
11319.5,11327,16,1.34171062707901,0.20642170310020447,0.031254051895247714,20.6511717433877,2427338.7334062997,5170.626953125
11335.5,11343,16,1.3381261229515076,0.18560177087783813,0.031305784162021046,19.376223154524567,2277481.2758583967,5173.7705078125
11351.5,11359,16,1.3411535769701004,0.1737312227487564,0.031132767365003627,21.085894241057037,2478436.015923152,5173.759765625
11367.5,11375,16,1.33975487947464,0.19626788049936295,0.030930185408303234,21.11994218219931,2482438.0109360423,5173.750244140625
11383.5,11391,16,1.3391682729125023,0.20344659686088562,0.030687280736553173,21.104271809053078,2480596.1152713588,5173.73828125
11399.5,11407,16,1.3404627814888954,0.15469177067279816,0.03100720245504018,21.12075783378924,2482533.8826241866,5173.732421875
11415.5,11423,16,1.342628389596939,0.21531831473112106,0.03102544417506027,21.048244144390864,2474010.623548816,5173.718994140625
11431.5,11439,16,1.3417464569211006,0.2279214859008789,0.03101265920805886,21.134478977168765,2484146.66582146,5173.71533203125
11447.5,11455,16,1.3396657928824425,0.2067498192191124,0.030819671277916343,21.07170339900449,2476768.0243436997,5175.282470703125
11463.5,11471,16,1.3392036855220795,0.20703302323818207,0.03082091753568613,21.16517809458629,2487755.0400926587,5176.8515625
11479.5,11487,16,1.3370184376835823,0.22406229376792908,0.030868168535755212,21.104550301531468,2480628.8492773594,5176.84375
11495.5,11503,16,1.336806446313858,0.16985702514648438,0.03072945365795132,21.1513494861314,2486129.6254503923,5176.837158203125
11511.5,11519,16,1.3403026014566422,0.1902221292257309,0.030832107598667568,20.15060474673114,2368502.088457164,5176.82275390625
11527.5,11535,16,1.3380064517259598,0.20731119066476822,0.030914870609359987,20.608874885856963,2422367.1607584385,5178.400390625
11543.5,11551,16,1.3373685777187347,0.21620016545057297,0.031008647733621976,21.092010462986746,2479154.916650751,5179.97412109375
11559.5,11567,16,1.3384514823555946,0.1702776700258255,0.03055782883188151,21.099909873496898,2480083.413364672,5179.9580078125
11575.5,11583,16,1.333251066505909,0.19104158878326416,0.03077123271809383,20.500455350176175,2409623.528499403,5179.936279296875
11591.5,11599,16,1.333630733191967,0.21974462270736694,0.03064476724036715,21.075043446090106,2477160.613479225,5179.9326171875
11607.5,11615,16,1.3347959220409393,0.19940879195928574,0.03058119202173795,21.122847903635563,2482779.5494346004,5183.085205078125
11623.5,11631,16,1.3327015563845634,0.19125447422266006,0.03071687092553034,21.13380457821654,2484067.3969683973,5186.240966796875
11639.5,11647,16,1.3362623304128647,0.2132488489151001,0.0309470047906154,21.148815464516787,2485831.77654899,5186.240234375
11655.5,11663,16,1.3347326517105103,0.18731332570314407,0.031205536610672643,21.12103919613463,2482566.9539543553,5189.395263671875
11671.5,11679,16,1.334776185452938,0.1674831360578537,0.030904581473970953,21.138494984152334,2484618.7072836095,5189.38916015625
11687.5,11695,16,1.3329879119992256,0.17735690623521805,0.030878443468474983,21.09848058111441,2479915.414337572,5190.950439453125
11703.5,11711,16,1.3332979753613472,0.18813299387693405,0.030809080288181023,19.952944203875138,2345269.0681858514,5192.51513671875
11719.5,11727,16,1.3303131312131882,0.14159178733825684,0.03081777499932231,21.07043281873125,2476618.680337971,5192.50732421875
11735.5,11743,16,1.329113408923149,0.20756462961435318,0.031017754470336847,21.14881382182172,2485831.583466611,5192.50390625
11751.5,11759,16,1.3330624401569366,0.19656746089458466,0.030682085254794045,21.096872093816998,2479726.3527401136,5192.50048828125
11767.5,11775,16,1.3368696346879005,0.17760267108678818,0.030669343643680666,21.11317542750511,2481642.6465870943,5194.077392578125
11783.5,11791,16,1.3364612683653831,0.21019277721643448,0.030448643790529757,21.100742566948902,2480181.288153291,5195.64892578125
11799.5,11807,16,1.3358318507671356,0.1366509050130844,0.03067760298621248,21.123518258588508,2482858.342955987,5195.642578125
11815.5,11823,16,1.3371120393276215,0.1814619079232216,0.030541398509574887,21.05655118104873,2474987.032640272,5195.634033203125
11831.5,11839,16,1.3376694694161415,0.2125333547592163,0.030998932169468113,21.125811723990388,2483127.9168800665,5195.6083984375
11847.5,11855,16,1.3351291045546532,0.18121954798698425,0.030644612640819767,21.083699833037745,2478178.085203854,5195.593505859375
11863.5,11871,16,1.3370294570922852,0.18985998630523682,0.03047083345397065,21.05237281120607,2474495.9070476126,5195.60546875
11879.5,11887,16,1.3364047408103943,0.18140025436878204,0.030514339845853323,19.965741355384633,2346773.245378422,5195.619140625
11895.5,11903,16,1.337205708026886,0.2028595730662346,0.030785194940328824,21.14868506917342,2485816.449880289,5198.7626953125
11911.5,11919,16,1.3344274535775185,0.21372297406196594,0.030932945231060414,21.087116289659008,2478579.655516224,5198.74658203125
11927.5,11935,16,1.3331596478819847,0.18658531457185745,0.030781873441865726,21.140549192934113,2484860.158984485,5200.31591796875
11943.5,11951,16,1.3349704667925835,0.20323287695646286,0.030555961558341303,21.114806226004283,2481834.3306432157,5201.8828125
11959.5,11967,16,1.3356114104390144,0.18417887389659882,0.03091151005884802,21.11618978984911,2481996.9547379846,5201.87353515625
11975.5,11983,16,1.3341122269630432,0.20671623200178146,0.030362754707422224,21.13046611402652,2483674.9938864214,5201.872314453125
11991.5,11999,16,1.333797074854374,0.1939789205789566,0.03070524617126494,21.123491383721703,2482855.1840841337,5201.87109375
12007.5,12015,16,1.3343615680932999,0.1922893077135086,0.030622878743363828,20.318399449607853,2388224.6778876386,5201.85498046875
12023.5,12031,16,1.3340268284082413,0.21767228841781616,0.03084316274687422,20.998775749821124,2468196.1084350673,5201.84375
12039.5,12047,16,1.3415307477116585,0.19304923713207245,0.03053258517474839,21.158248426832625,2486940.526942649,5201.837890625
12055.5,12063,16,1.3389430791139603,0.20257900655269623,0.0306769772573854,21.14220679795386,2485054.9938790435,5204.98388671875
12071.5,12079,16,1.3403771296143532,0.19198043644428253,0.03042602312229009,21.146410672032545,2485549.1172396136,5204.97314453125
12087.5,12095,16,1.337730385363102,0.18490242213010788,0.030658814551619194,21.137008706752162,2484444.010237512,5206.552001953125
12103.5,12111,16,1.342263251543045,0.17635485529899597,0.030684185941054515,21.114188031879998,2481761.6681056465,5208.118408203125
12119.5,12127,16,1.3403523191809654,0.21712228655815125,0.030673860614611345,21.18803433367892,2490441.5624430096,5208.11474609375
12135.5,12143,16,1.3363624438643456,0.19121342152357101,0.030534452000266,21.131135230186324,2483753.6418000613,5208.102294921875
12151.5,12159,16,1.3411195874214172,0.26391273736953735,0.03043907374905592,21.151441424317095,2486140.4318647687,5208.09130859375
12167.5,12175,16,1.343918152153492,0.19524836540222168,0.030493530335441006,21.15621041423278,2486700.978941003,5208.098388671875
12183.5,12191,16,1.341673269867897,0.1850910782814026,0.030786173245305134,20.00597654832042,2351502.489969126,5208.091552734375
12199.5,12207,16,1.3398989960551262,0.19779805839061737,0.03041809507307004,21.156424220993834,2486726.109787767,5208.08837890625
12215.5,12223,16,1.3390870541334152,0.21936599910259247,0.03036779608704488,21.17499179973018,2488908.54299845,5211.23046875
12231.5,12239,16,1.3401170894503593,0.2131223976612091,0.030726373343813146,21.14121035098719,2484937.871502258,5211.22607421875
12247.5,12255,16,1.3402619659900665,0.1968076080083847,0.030587666590387624,21.16689659676614,2487957.032839435,5212.79052734375
12263.5,12271,16,1.3372488543391228,0.19926000386476517,0.030583459146631263,21.139670109778194,2484756.8315500533,5214.341552734375
12279.5,12287,16,1.3391221910715103,0.19105008244514465,0.03047098687525387,21.17420848180113,2488816.471808816,5214.33642578125
12295.5,12303,16,1.3390192911028862,0.17366363108158112,0.03047443993008611,21.144946325695425,2485376.997970674,5214.325439453125
12311.5,12319,16,1.3381090313196182,0.1650078147649765,0.030455958863692074,21.179260272145093,2489410.2592474814,5214.31982421875
12327.5,12335,16,1.3343010917305946,0.20096581429243088,0.030444607671322017,21.140892034217377,2484900.4565490317,5214.31396484375
12343.5,12351,16,1.3350234106183052,0.20840684324502945,0.030300668578340927,21.19363973665808,2491100.4215109954,5214.321044921875
12359.5,12367,16,1.335877850651741,0.18788935244083405,0.030347909418527375,20.99070421379313,2467247.380087722,5214.32275390625
12375.5,12383,16,1.335697129368782,0.18501950055360794,0.03096816923723302,20.26185704180348,2381578.683256,5217.453857421875
12391.5,12399,16,1.332464411854744,0.2035997211933136,0.030533034054590673,21.111850655168933,2481486.932846271,5217.45068359375
12407.5,12415,16,1.3310553580522537,0.1965561807155609,0.030405585481220805,21.174234139711935,2488819.487639661,5220.581298828125
12423.5,12431,16,1.3335812762379646,0.1936962902545929,0.03040836990288826,21.141983926369235,2485028.7975529144,5223.713623046875
12439.5,12447,16,1.3318096324801445,0.1925232857465744,0.0305376861272662,21.166627669638263,2487925.4231447373,5223.703125
12455.5,12463,16,1.3325424194335938,0.19283238798379898,0.030455105669909353,21.112956292034298,2481616.889403784,5223.70458984375
12471.5,12479,16,1.3351945579051971,0.22173632681369781,0.030440352864168362,21.184393205692633,2490013.5842583217,5223.6943359375
12487.5,12495,16,1.3349717482924461,0.20072714984416962,0.030550269953285653,21.13919939760681,2484701.504041277,5223.69091796875
12503.5,12511,16,1.3351728841662407,0.1847200021147728,0.030510245134461333,21.187482040594595,2490376.6459136987,5223.686279296875
12519.5,12527,16,1.3323022425174713,0.22133861482143402,0.030490005843934014,21.121144445341226,2482579.3249461325,5223.68994140625
12535.5,12543,16,1.3330329209566116,0.1777040883898735,0.030517994087528102,21.164527700965394,2487678.5928262486,5223.69482421875
12551.5,12559,16,1.3414280861616135,0.2176760733127594,0.030996978244123362,19.7965576689271,2326887.394817408,5223.69189453125
12567.5,12575,16,1.338610552251339,0.17141278088092804,0.03068732411713537,21.11444827188299,2481792.256715683,5226.814453125
12583.5,12591,16,1.3376712426543236,0.1843094900250435,0.03062042223543606,21.142980170446524,2485145.8960820814,5229.93505859375
12599.5,12607,16,1.3353821784257889,0.16026687622070312,0.03049148479476571,21.111369209334704,2481430.3437027596,5229.92919921875
12615.5,12623,16,1.3379040211439133,0.2094344198703766,0.030614486158204574,21.137313911555392,2484479.8840101827,5229.926025390625
12631.5,12639,16,1.3339221104979515,0.21267753839492798,0.0305491030766544,21.15931990892598,2487066.468948249,5229.91845703125
12647.5,12655,16,1.3299563899636269,0.19942010939121246,0.03044273803067027,21.16107900438069,2487273.233028565,5229.923828125
12663.5,12671,16,1.3321707472205162,0.19431614130735397,0.03055573109128145,21.100964710414168,2480207.39889627,5229.907958984375
12679.5,12687,16,1.3286938667297363,0.2234792709350586,0.030580946886347552,21.187590783087224,2490389.4275063174,5229.88525390625
12695.5,12703,16,1.3307929411530495,0.18075460195541382,0.030546028569171373,21.13296805011871,2483969.071455507,5229.888427734375
12711.5,12719,16,1.3284296914935112,0.2113223373889923,0.03053197478804963,21.171659686360986,2488516.886391956,5236.1494140625
12727.5,12735,16,1.3286790326237679,0.19697145372629166,0.03051101186340957,20.00817426082713,2351760.8090978763,5236.140625
12743.5,12751,16,1.3282823264598846,0.1908237785100937,0.030599220863995,21.17664125025044,2489102.419413136,5236.112548828125
12759.5,12767,16,1.3260635286569595,0.2097475677728653,0.03043046162929386,21.135004069825527,2484208.385212506,5236.10400390625
12775.5,12783,16,1.3265834897756577,0.2002611830830574,0.03053101093268417,21.211523968911756,2493202.534175885,5236.10400390625
12791.5,12799,16,1.3246916681528091,0.21698735654354095,0.030624952971596606,21.13538660628674,2484253.348548281,5236.0966796875
12807.5,12815,16,1.3312846347689629,0.1728893220424652,0.030531683386388148,21.17317289283387,2488694.7486812687,5236.094482421875
12823.5,12831,16,1.332114316523075,0.1959778144955635,0.030481305834131712,21.125108386227396,2483045.2465591766,5236.0947265625
12839.5,12847,16,1.3293406292796135,0.19843637943267822,0.030814564963238256,21.17693763394764,2489137.256353001,5236.08837890625
12855.5,12863,16,1.3290727511048317,0.19571691751480103,0.030442392139582698,21.113791578894492,2481715.069021602,5236.08447265625
12871.5,12879,16,1.3318175300955772,0.18426628410816193,0.03055211722102919,21.157021777259693,2486796.346551449,5236.08740234375
12887.5,12895,16,1.330991581082344,0.21110043674707413,0.030654343709377856,21.11945374806349,2482380.6003875593,5242.337646484375
12903.5,12911,16,1.3286082744598389,0.18480520695447922,0.03048531009787411,21.147588714885195,2485687.5843968955,5242.331298828125
12919.5,12927,16,1.3284335434436798,0.19263288378715515,0.030739686286048683,19.04360070361151,2238384.832870346,5242.34912109375
12935.5,12943,16,1.3305242583155632,0.1968970224261284,0.03066934705147463,21.186298749318638,2490237.561856739,5242.34033203125
12951.5,12959,16,1.3302059322595596,0.14245738089084625,0.030666176518989785,21.21788183364469,2493949.8375986535,5242.34228515625
12967.5,12975,16,1.3258870467543602,0.21139568835496902,0.030643834771278005,21.176746945446595,2489114.8428265266,5242.322998046875
12983.5,12991,16,1.326821006834507,0.1957693174481392,0.030515112998810684,21.22256923224552,2494500.7944317125,5242.313720703125
12999.5,13007,16,1.3247692286968231,0.18945559859275818,0.03085831250416849,21.188283881473758,2490470.894290895,5242.30810546875
13015.5,13023,16,1.3256366476416588,0.19278087466955185,0.030690709689886055,21.170317445955,2488359.1194542022,5242.308349609375
13031.5,13039,16,1.3241879045963287,0.2022062987089157,0.030787791421806272,21.164284716341037,2487650.0324134226,5242.3076171875
13047.5,13055,16,1.3242748826742172,0.17937178164720535,0.03059096022325596,21.185913559948602,2490192.286698061,5248.559326171875
13063.5,13071,16,1.3233249485492706,0.21008200198411942,0.03067617128941823,21.160493066068728,2487204.3618391873,5248.560546875
13079.5,13087,16,1.3267825916409492,0.20610608160495758,0.03068448089514718,21.21106381701197,2493148.4479214344,5248.56298828125
13095.5,13103,16,1.3270314410328865,0.19018258154392242,0.03076004535735895,20.88048303573163,2454291.982782675,5248.564453125
13111.5,13119,16,1.3251367062330246,0.2240041047334671,0.030766022285785188,20.527501676407404,2412802.553693382,5248.5625
13127.5,13135,16,1.3254763409495354,0.19844307750463486,0.030411056383992684,21.197161140666672,2491514.3273393065,5248.550537109375
13143.5,13151,16,1.3228672817349434,0.19541069865226746,0.030559665036641738,21.20068843030102,2491928.9249640694,5248.551025390625
13159.5,13167,16,1.325602002441883,0.14776232838630676,0.030351566016730485,21.177324204222785,2489182.693823267,5248.5498046875
13175.5,13183,16,1.3259232565760612,0.1864798367023468,0.030464138038399993,21.135554916670117,2484273.131750798,5248.54638671875
13191.5,13199,16,1.3250551223754883,0.18067951500415802,0.030241494733755564,21.194787446656246,2491235.3233445515,5248.548828125
13207.5,13215,16,1.324146755039692,0.20269037783145905,0.03056444799541637,21.163433638967007,2487549.9967786036,5254.795166015625
13223.5,13231,16,1.3255045488476753,0.19123897701501846,0.030433338290701308,21.17712826669597,2489159.6633263007,5254.78271484375
13239.5,13247,16,1.321731947362423,0.21732169389724731,0.030651000264862723,21.133994187812668,2484089.683680387,5254.771484375
13255.5,13263,16,1.3236796036362648,0.19109105318784714,0.03067944888166632,21.168808369156523,2488181.74256682,5254.7734375
13271.5,13279,16,1.3217915445566177,0.20581229031085968,0.030606856506148524,21.14240234751231,2485077.9787742067,5254.77099609375
13287.5,13295,16,1.322693109512329,0.20328470319509506,0.030455418855346965,20.0679205852725,2358783.3920925357,5254.76220703125
13303.5,13311,16,1.322189711034298,0.1982007697224617,0.030623173849149185,21.160730631237215,2487232.285249168,5257.880859375
13319.5,13327,16,1.3226736634969711,0.17774344980716705,0.030240087769925594,21.173350734804504,2488715.6522265547,5257.88134765625
13335.5,13343,16,1.3286013379693031,0.19298919290304184,0.030400415967133915,21.140674856480153,2484874.9294777275,5257.887451171875
13351.5,13359,16,1.327078953385353,0.19071067869663239,0.03066492196045477,21.166227317778365,2487878.3657869953,5257.88916015625
13367.5,13375,16,1.3265105336904526,0.18937479704618454,0.030537117639500084,21.151249240417176,2486117.84256911,5260.996337890625
13383.5,13391,16,1.3253086358308792,0.1992189586162567,0.030556401957503775,21.162081989331636,2487391.123880024,5260.99169921875
13399.5,13407,16,1.3232150971889496,0.19395725429058075,0.0303790744245899,21.141929058764966,2485022.3484146902,5260.9921875
13415.5,13423,16,1.3216832727193832,0.20863866060972214,0.030625335332429542,21.166444973182653,2487903.9490032857,5260.986083984375
13431.5,13439,16,1.3214274421334267,0.18160834908485413,0.03030937386211008,21.147893769295337,2485723.440492362,5260.9853515625
13447.5,13455,16,1.3212283849716187,0.2182207629084587,0.0303975332591852,21.186786041134948,2490294.838136986,5264.09814453125
13463.5,13471,16,1.3202499896287918,0.17233900725841522,0.03068867741702971,20.781744905588283,2442686.3029336464,5264.099609375
13479.5,13487,16,1.3218130990862846,0.2222481369972229,0.030707461844113736,20.853105913036778,2451074.075772255,5264.09326171875
13495.5,13503,16,1.3226700723171234,0.19148730486631393,0.03064241605655601,21.089940144261966,2478911.57138717,5264.090087890625
13511.5,13519,16,1.3232450261712074,0.21002167463302612,0.03048232324760068,21.171021039828318,2488441.8198782993,5264.08837890625
13527,13534,15,1.3211862723032632,0.20531315356492996,0.030589306501276566,21.15213453168585,2486221.8997051166,5267.191650390625
