[     330ms] [WARNING] maiagentChatbotConfig is empty or webChatId is not provided @ https://chat-dev.maiagent.ai/js/embed.min.js:293
[    1589ms] [WARNING] [Vue warn]: onUnmounted is called when there is no active component instance to be associated with. Lifecycle injection APIs can only be used during execution of setup(). If you are using async setup(), make sure to register lifecycle hooks before the first await statement. @ http://localhost:3333/node_modules/.vite/deps/chunk-ABCVWQHN.js?v=00d1777b:2475
[    1589ms] [WARNING] [Vue warn]: onUnmounted is called when there is no active component instance to be associated with. Lifecycle injection APIs can only be used during execution of setup(). If you are using async setup(), make sure to register lifecycle hooks before the first await statement. @ http://localhost:3333/node_modules/.vite/deps/chunk-ABCVWQHN.js?v=00d1777b:2475
[    1589ms] [WARNING] [Vue warn]: onMounted is called when there is no active component instance to be associated with. Lifecycle injection APIs can only be used during execution of setup(). If you are using async setup(), make sure to register lifecycle hooks before the first await statement. @ http://localhost:3333/node_modules/.vite/deps/chunk-ABCVWQHN.js?v=00d1777b:2475
[    1589ms] [WARNING] [Vue warn]: onUnmounted is called when there is no active component instance to be associated with. Lifecycle injection APIs can only be used during execution of setup(). If you are using async setup(), make sure to register lifecycle hooks before the first await statement. @ http://localhost:3333/node_modules/.vite/deps/chunk-ABCVWQHN.js?v=00d1777b:2475
[    1589ms] [WARNING] [Vue warn]: onUnmounted is called when there is no active component instance to be associated with. Lifecycle injection APIs can only be used during execution of setup(). If you are using async setup(), make sure to register lifecycle hooks before the first await statement. @ http://localhost:3333/node_modules/.vite/deps/chunk-ABCVWQHN.js?v=00d1777b:2475
[    1589ms] [WARNING] [Vue warn]: onUnmounted is called when there is no active component instance to be associated with. Lifecycle injection APIs can only be used during execution of setup(). If you are using async setup(), make sure to register lifecycle hooks before the first await statement. @ http://localhost:3333/node_modules/.vite/deps/chunk-ABCVWQHN.js?v=00d1777b:2475
[    1589ms] [WARNING] [Vue warn]: onMounted is called when there is no active component instance to be associated with. Lifecycle injection APIs can only be used during execution of setup(). If you are using async setup(), make sure to register lifecycle hooks before the first await statement. @ http://localhost:3333/node_modules/.vite/deps/chunk-ABCVWQHN.js?v=00d1777b:2475
[    1589ms] [WARNING] [Vue warn]: onUnmounted is called when there is no active component instance to be associated with. Lifecycle injection APIs can only be used during execution of setup(). If you are using async setup(), make sure to register lifecycle hooks before the first await statement. @ http://localhost:3333/node_modules/.vite/deps/chunk-ABCVWQHN.js?v=00d1777b:2475
[    1589ms] [WARNING] [Vue warn]: onUnmounted is called when there is no active component instance to be associated with. Lifecycle injection APIs can only be used during execution of setup(). If you are using async setup(), make sure to register lifecycle hooks before the first await statement. @ http://localhost:3333/node_modules/.vite/deps/chunk-ABCVWQHN.js?v=00d1777b:2475
[    1589ms] [WARNING] [Vue warn]: onUnmounted is called when there is no active component instance to be associated with. Lifecycle injection APIs can only be used during execution of setup(). If you are using async setup(), make sure to register lifecycle hooks before the first await statement. @ http://localhost:3333/node_modules/.vite/deps/chunk-ABCVWQHN.js?v=00d1777b:2475
[    1589ms] [WARNING] [Vue warn]: onMounted is called when there is no active component instance to be associated with. Lifecycle injection APIs can only be used during execution of setup(). If you are using async setup(), make sure to register lifecycle hooks before the first await statement. @ http://localhost:3333/node_modules/.vite/deps/chunk-ABCVWQHN.js?v=00d1777b:2475
[    1589ms] [WARNING] [Vue warn]: onUnmounted is called when there is no active component instance to be associated with. Lifecycle injection APIs can only be used during execution of setup(). If you are using async setup(), make sure to register lifecycle hooks before the first await statement. @ http://localhost:3333/node_modules/.vite/deps/chunk-ABCVWQHN.js?v=00d1777b:2475
[    1589ms] [WARNING] [Vue warn]: onUnmounted is called when there is no active component instance to be associated with. Lifecycle injection APIs can only be used during execution of setup(). If you are using async setup(), make sure to register lifecycle hooks before the first await statement. @ http://localhost:3333/node_modules/.vite/deps/chunk-ABCVWQHN.js?v=00d1777b:2475
[    1589ms] [WARNING] [Vue warn]: onUnmounted is called when there is no active component instance to be associated with. Lifecycle injection APIs can only be used during execution of setup(). If you are using async setup(), make sure to register lifecycle hooks before the first await statement. @ http://localhost:3333/node_modules/.vite/deps/chunk-ABCVWQHN.js?v=00d1777b:2475
[    1589ms] [WARNING] [Vue warn]: onMounted is called when there is no active component instance to be associated with. Lifecycle injection APIs can only be used during execution of setup(). If you are using async setup(), make sure to register lifecycle hooks before the first await statement. @ http://localhost:3333/node_modules/.vite/deps/chunk-ABCVWQHN.js?v=00d1777b:2475
[    1589ms] [WARNING] [Vue warn]: onUnmounted is called when there is no active component instance to be associated with. Lifecycle injection APIs can only be used during execution of setup(). If you are using async setup(), make sure to register lifecycle hooks before the first await statement. @ http://localhost:3333/node_modules/.vite/deps/chunk-ABCVWQHN.js?v=00d1777b:2475
[    1589ms] [WARNING] [Vue warn]: onUnmounted is called when there is no active component instance to be associated with. Lifecycle injection APIs can only be used during execution of setup(). If you are using async setup(), make sure to register lifecycle hooks before the first await statement. @ http://localhost:3333/node_modules/.vite/deps/chunk-ABCVWQHN.js?v=00d1777b:2475
[    1589ms] [WARNING] [Vue warn]: onUnmounted is called when there is no active component instance to be associated with. Lifecycle injection APIs can only be used during execution of setup(). If you are using async setup(), make sure to register lifecycle hooks before the first await statement. @ http://localhost:3333/node_modules/.vite/deps/chunk-ABCVWQHN.js?v=00d1777b:2475
[    1589ms] [WARNING] [Vue warn]: onMounted is called when there is no active component instance to be associated with. Lifecycle injection APIs can only be used during execution of setup(). If you are using async setup(), make sure to register lifecycle hooks before the first await statement. @ http://localhost:3333/node_modules/.vite/deps/chunk-ABCVWQHN.js?v=00d1777b:2475
[    1590ms] [WARNING] [Vue warn]: onUnmounted is called when there is no active component instance to be associated with. Lifecycle injection APIs can only be used during execution of setup(). If you are using async setup(), make sure to register lifecycle hooks before the first await statement. @ http://localhost:3333/node_modules/.vite/deps/chunk-ABCVWQHN.js?v=00d1777b:2475
[    1590ms] [WARNING] [Vue warn]: onUnmounted is called when there is no active component instance to be associated with. Lifecycle injection APIs can only be used during execution of setup(). If you are using async setup(), make sure to register lifecycle hooks before the first await statement. @ http://localhost:3333/node_modules/.vite/deps/chunk-ABCVWQHN.js?v=00d1777b:2475
[    1590ms] [WARNING] [Vue warn]: onUnmounted is called when there is no active component instance to be associated with. Lifecycle injection APIs can only be used during execution of setup(). If you are using async setup(), make sure to register lifecycle hooks before the first await statement. @ http://localhost:3333/node_modules/.vite/deps/chunk-ABCVWQHN.js?v=00d1777b:2475
[    1590ms] [WARNING] [Vue warn]: onMounted is called when there is no active component instance to be associated with. Lifecycle injection APIs can only be used during execution of setup(). If you are using async setup(), make sure to register lifecycle hooks before the first await statement. @ http://localhost:3333/node_modules/.vite/deps/chunk-ABCVWQHN.js?v=00d1777b:2475
[    1590ms] [WARNING] [Vue warn]: onUnmounted is called when there is no active component instance to be associated with. Lifecycle injection APIs can only be used during execution of setup(). If you are using async setup(), make sure to register lifecycle hooks before the first await statement. @ http://localhost:3333/node_modules/.vite/deps/chunk-ABCVWQHN.js?v=00d1777b:2475
[    1590ms] [WARNING] [Vue warn]: onUnmounted is called when there is no active component instance to be associated with. Lifecycle injection APIs can only be used during execution of setup(). If you are using async setup(), make sure to register lifecycle hooks before the first await statement. @ http://localhost:3333/node_modules/.vite/deps/chunk-ABCVWQHN.js?v=00d1777b:2475
[    1590ms] [WARNING] [Vue warn]: onUnmounted is called when there is no active component instance to be associated with. Lifecycle injection APIs can only be used during execution of setup(). If you are using async setup(), make sure to register lifecycle hooks before the first await statement. @ http://localhost:3333/node_modules/.vite/deps/chunk-ABCVWQHN.js?v=00d1777b:2475
[    1590ms] [WARNING] [Vue warn]: onMounted is called when there is no active component instance to be associated with. Lifecycle injection APIs can only be used during execution of setup(). If you are using async setup(), make sure to register lifecycle hooks before the first await statement. @ http://localhost:3333/node_modules/.vite/deps/chunk-ABCVWQHN.js?v=00d1777b:2475
[    1590ms] [WARNING] [Vue warn]: onUnmounted is called when there is no active component instance to be associated with. Lifecycle injection APIs can only be used during execution of setup(). If you are using async setup(), make sure to register lifecycle hooks before the first await statement. @ http://localhost:3333/node_modules/.vite/deps/chunk-ABCVWQHN.js?v=00d1777b:2475
[    1590ms] [WARNING] [Vue warn]: onUnmounted is called when there is no active component instance to be associated with. Lifecycle injection APIs can only be used during execution of setup(). If you are using async setup(), make sure to register lifecycle hooks before the first await statement. @ http://localhost:3333/node_modules/.vite/deps/chunk-ABCVWQHN.js?v=00d1777b:2475
[    1590ms] [WARNING] [Vue warn]: onUnmounted is called when there is no active component instance to be associated with. Lifecycle injection APIs can only be used during execution of setup(). If you are using async setup(), make sure to register lifecycle hooks before the first await statement. @ http://localhost:3333/node_modules/.vite/deps/chunk-ABCVWQHN.js?v=00d1777b:2475
[    1590ms] [WARNING] [Vue warn]: onMounted is called when there is no active component instance to be associated with. Lifecycle injection APIs can only be used during execution of setup(). If you are using async setup(), make sure to register lifecycle hooks before the first await statement. @ http://localhost:3333/node_modules/.vite/deps/chunk-ABCVWQHN.js?v=00d1777b:2475
[    1590ms] [WARNING] [Vue warn]: onUnmounted is called when there is no active component instance to be associated with. Lifecycle injection APIs can only be used during execution of setup(). If you are using async setup(), make sure to register lifecycle hooks before the first await statement. @ http://localhost:3333/node_modules/.vite/deps/chunk-ABCVWQHN.js?v=00d1777b:2475
[    1714ms] [INFO] [RuntimeConfig] Loaded runtime config: {googleSsoEnabled: true, quickReplyEnabled: false, quickEntryEnabled: true, turnstileSiteKey: 1x00000000000000000000AA} @ http://localhost:3333/src/utils/runtimeConfig.ts:55
[    2113ms] [VERBOSE] [DOM] Input elements should have autocomplete attributes (suggested: "current-password"): (More info: https://goo.gl/9p2vKq) %o @ http://localhost:3333/login?redirect=/:0
[  335305ms] [WARNING] [Vue warn]: onUnmounted is called when there is no active component instance to be associated with. Lifecycle injection APIs can only be used during execution of setup(). If you are using async setup(), make sure to register lifecycle hooks before the first await statement. @ http://localhost:3333/node_modules/.vite/deps/chunk-ABCVWQHN.js?v=00d1777b:2475
[  335306ms] [WARNING] [Vue warn]: onUnmounted is called when there is no active component instance to be associated with. Lifecycle injection APIs can only be used during execution of setup(). If you are using async setup(), make sure to register lifecycle hooks before the first await statement. @ http://localhost:3333/node_modules/.vite/deps/chunk-ABCVWQHN.js?v=00d1777b:2475
[  335306ms] [WARNING] [Vue warn]: onMounted is called when there is no active component instance to be associated with. Lifecycle injection APIs can only be used during execution of setup(). If you are using async setup(), make sure to register lifecycle hooks before the first await statement. @ http://localhost:3333/node_modules/.vite/deps/chunk-ABCVWQHN.js?v=00d1777b:2475
[  335306ms] [WARNING] [Vue warn]: onUnmounted is called when there is no active component instance to be associated with. Lifecycle injection APIs can only be used during execution of setup(). If you are using async setup(), make sure to register lifecycle hooks before the first await statement. @ http://localhost:3333/node_modules/.vite/deps/chunk-ABCVWQHN.js?v=00d1777b:2475
[  335306ms] [WARNING] [Vue warn]: onUnmounted is called when there is no active component instance to be associated with. Lifecycle injection APIs can only be used during execution of setup(). If you are using async setup(), make sure to register lifecycle hooks before the first await statement. @ http://localhost:3333/node_modules/.vite/deps/chunk-ABCVWQHN.js?v=00d1777b:2475
[  335306ms] [WARNING] [Vue warn]: onUnmounted is called when there is no active component instance to be associated with. Lifecycle injection APIs can only be used during execution of setup(). If you are using async setup(), make sure to register lifecycle hooks before the first await statement. @ http://localhost:3333/node_modules/.vite/deps/chunk-ABCVWQHN.js?v=00d1777b:2475
[  335306ms] [WARNING] [Vue warn]: onMounted is called when there is no active component instance to be associated with. Lifecycle injection APIs can only be used during execution of setup(). If you are using async setup(), make sure to register lifecycle hooks before the first await statement. @ http://localhost:3333/node_modules/.vite/deps/chunk-ABCVWQHN.js?v=00d1777b:2475
[  335306ms] [WARNING] [Vue warn]: onUnmounted is called when there is no active component instance to be associated with. Lifecycle injection APIs can only be used during execution of setup(). If you are using async setup(), make sure to register lifecycle hooks before the first await statement. @ http://localhost:3333/node_modules/.vite/deps/chunk-ABCVWQHN.js?v=00d1777b:2475
[  335306ms] [WARNING] [Vue warn]: onUnmounted is called when there is no active component instance to be associated with. Lifecycle injection APIs can only be used during execution of setup(). If you are using async setup(), make sure to register lifecycle hooks before the first await statement. @ http://localhost:3333/node_modules/.vite/deps/chunk-ABCVWQHN.js?v=00d1777b:2475
[  335306ms] [WARNING] [Vue warn]: onUnmounted is called when there is no active component instance to be associated with. Lifecycle injection APIs can only be used during execution of setup(). If you are using async setup(), make sure to register lifecycle hooks before the first await statement. @ http://localhost:3333/node_modules/.vite/deps/chunk-ABCVWQHN.js?v=00d1777b:2475
[  335306ms] [WARNING] [Vue warn]: onMounted is called when there is no active component instance to be associated with. Lifecycle injection APIs can only be used during execution of setup(). If you are using async setup(), make sure to register lifecycle hooks before the first await statement. @ http://localhost:3333/node_modules/.vite/deps/chunk-ABCVWQHN.js?v=00d1777b:2475
[  335306ms] [WARNING] [Vue warn]: onUnmounted is called when there is no active component instance to be associated with. Lifecycle injection APIs can only be used during execution of setup(). If you are using async setup(), make sure to register lifecycle hooks before the first await statement. @ http://localhost:3333/node_modules/.vite/deps/chunk-ABCVWQHN.js?v=00d1777b:2475
[  335306ms] [WARNING] [Vue warn]: onUnmounted is called when there is no active component instance to be associated with. Lifecycle injection APIs can only be used during execution of setup(). If you are using async setup(), make sure to register lifecycle hooks before the first await statement. @ http://localhost:3333/node_modules/.vite/deps/chunk-ABCVWQHN.js?v=00d1777b:2475
[  335306ms] [WARNING] [Vue warn]: onUnmounted is called when there is no active component instance to be associated with. Lifecycle injection APIs can only be used during execution of setup(). If you are using async setup(), make sure to register lifecycle hooks before the first await statement. @ http://localhost:3333/node_modules/.vite/deps/chunk-ABCVWQHN.js?v=00d1777b:2475
[  335306ms] [WARNING] [Vue warn]: onMounted is called when there is no active component instance to be associated with. Lifecycle injection APIs can only be used during execution of setup(). If you are using async setup(), make sure to register lifecycle hooks before the first await statement. @ http://localhost:3333/node_modules/.vite/deps/chunk-ABCVWQHN.js?v=00d1777b:2475
[  335306ms] [WARNING] [Vue warn]: onUnmounted is called when there is no active component instance to be associated with. Lifecycle injection APIs can only be used during execution of setup(). If you are using async setup(), make sure to register lifecycle hooks before the first await statement. @ http://localhost:3333/node_modules/.vite/deps/chunk-ABCVWQHN.js?v=00d1777b:2475
[  335306ms] [WARNING] [Vue warn]: onUnmounted is called when there is no active component instance to be associated with. Lifecycle injection APIs can only be used during execution of setup(). If you are using async setup(), make sure to register lifecycle hooks before the first await statement. @ http://localhost:3333/node_modules/.vite/deps/chunk-ABCVWQHN.js?v=00d1777b:2475
[  335306ms] [WARNING] [Vue warn]: onUnmounted is called when there is no active component instance to be associated with. Lifecycle injection APIs can only be used during execution of setup(). If you are using async setup(), make sure to register lifecycle hooks before the first await statement. @ http://localhost:3333/node_modules/.vite/deps/chunk-ABCVWQHN.js?v=00d1777b:2475
[  335306ms] [WARNING] [Vue warn]: onMounted is called when there is no active component instance to be associated with. Lifecycle injection APIs can only be used during execution of setup(). If you are using async setup(), make sure to register lifecycle hooks before the first await statement. @ http://localhost:3333/node_modules/.vite/deps/chunk-ABCVWQHN.js?v=00d1777b:2475
[  335306ms] [WARNING] [Vue warn]: onUnmounted is called when there is no active component instance to be associated with. Lifecycle injection APIs can only be used during execution of setup(). If you are using async setup(), make sure to register lifecycle hooks before the first await statement. @ http://localhost:3333/node_modules/.vite/deps/chunk-ABCVWQHN.js?v=00d1777b:2475
[  335306ms] [WARNING] [Vue warn]: onUnmounted is called when there is no active component instance to be associated with. Lifecycle injection APIs can only be used during execution of setup(). If you are using async setup(), make sure to register lifecycle hooks before the first await statement. @ http://localhost:3333/node_modules/.vite/deps/chunk-ABCVWQHN.js?v=00d1777b:2475
[  335306ms] [WARNING] [Vue warn]: onUnmounted is called when there is no active component instance to be associated with. Lifecycle injection APIs can only be used during execution of setup(). If you are using async setup(), make sure to register lifecycle hooks before the first await statement. @ http://localhost:3333/node_modules/.vite/deps/chunk-ABCVWQHN.js?v=00d1777b:2475
[  335306ms] [WARNING] [Vue warn]: onMounted is called when there is no active component instance to be associated with. Lifecycle injection APIs can only be used during execution of setup(). If you are using async setup(), make sure to register lifecycle hooks before the first await statement. @ http://localhost:3333/node_modules/.vite/deps/chunk-ABCVWQHN.js?v=00d1777b:2475
[  335306ms] [WARNING] [Vue warn]: onUnmounted is called when there is no active component instance to be associated with. Lifecycle injection APIs can only be used during execution of setup(). If you are using async setup(), make sure to register lifecycle hooks before the first await statement. @ http://localhost:3333/node_modules/.vite/deps/chunk-ABCVWQHN.js?v=00d1777b:2475
[  335306ms] [WARNING] [Vue warn]: onUnmounted is called when there is no active component instance to be associated with. Lifecycle injection APIs can only be used during execution of setup(). If you are using async setup(), make sure to register lifecycle hooks before the first await statement. @ http://localhost:3333/node_modules/.vite/deps/chunk-ABCVWQHN.js?v=00d1777b:2475
[  335306ms] [WARNING] [Vue warn]: onUnmounted is called when there is no active component instance to be associated with. Lifecycle injection APIs can only be used during execution of setup(). If you are using async setup(), make sure to register lifecycle hooks before the first await statement. @ http://localhost:3333/node_modules/.vite/deps/chunk-ABCVWQHN.js?v=00d1777b:2475
[  335306ms] [WARNING] [Vue warn]: onMounted is called when there is no active component instance to be associated with. Lifecycle injection APIs can only be used during execution of setup(). If you are using async setup(), make sure to register lifecycle hooks before the first await statement. @ http://localhost:3333/node_modules/.vite/deps/chunk-ABCVWQHN.js?v=00d1777b:2475
[  335306ms] [WARNING] [Vue warn]: onUnmounted is called when there is no active component instance to be associated with. Lifecycle injection APIs can only be used during execution of setup(). If you are using async setup(), make sure to register lifecycle hooks before the first await statement. @ http://localhost:3333/node_modules/.vite/deps/chunk-ABCVWQHN.js?v=00d1777b:2475
[  335306ms] [WARNING] [Vue warn]: onUnmounted is called when there is no active component instance to be associated with. Lifecycle injection APIs can only be used during execution of setup(). If you are using async setup(), make sure to register lifecycle hooks before the first await statement. @ http://localhost:3333/node_modules/.vite/deps/chunk-ABCVWQHN.js?v=00d1777b:2475
[  335306ms] [WARNING] [Vue warn]: onUnmounted is called when there is no active component instance to be associated with. Lifecycle injection APIs can only be used during execution of setup(). If you are using async setup(), make sure to register lifecycle hooks before the first await statement. @ http://localhost:3333/node_modules/.vite/deps/chunk-ABCVWQHN.js?v=00d1777b:2475
[  335306ms] [WARNING] [Vue warn]: onMounted is called when there is no active component instance to be associated with. Lifecycle injection APIs can only be used during execution of setup(). If you are using async setup(), make sure to register lifecycle hooks before the first await statement. @ http://localhost:3333/node_modules/.vite/deps/chunk-ABCVWQHN.js?v=00d1777b:2475
[  335306ms] [WARNING] [Vue warn]: onUnmounted is called when there is no active component instance to be associated with. Lifecycle injection APIs can only be used during execution of setup(). If you are using async setup(), make sure to register lifecycle hooks before the first await statement. @ http://localhost:3333/node_modules/.vite/deps/chunk-ABCVWQHN.js?v=00d1777b:2475
[  335366ms] [WARNING] maiagentChatbotConfig is empty or webChatId is not provided @ https://chat-dev.maiagent.ai/js/embed.min.js:293
[  335424ms] [INFO] [RuntimeConfig] Loaded runtime config: {googleSsoEnabled: true, quickReplyEnabled: false, quickEntryEnabled: true, turnstileSiteKey: 1x00000000000000000000AA} @ http://localhost:3333/src/utils/runtimeConfig.ts:55
[  335628ms] [VERBOSE] [DOM] Input elements should have autocomplete attributes (suggested: "current-password"): (More info: https://goo.gl/9p2vKq) %o @ http://localhost:3333/login?redirect=/:0
[  622307ms] [LOG] [vite] server connection lost. Polling for restart... @ http://localhost:3333/@vite/client:559
[  622312ms] [ERROR] Failed to load resource: net::ERR_CONNECTION_REFUSED @ http://localhost:3333/:0
[  623318ms] [ERROR] Failed to load resource: net::ERR_CONNECTION_REFUSED @ http://localhost:3333/:0
[  624322ms] [ERROR] Failed to load resource: net::ERR_CONNECTION_REFUSED @ http://localhost:3333/:0
[  625325ms] [ERROR] Failed to load resource: net::ERR_CONNECTION_REFUSED @ http://localhost:3333/:0
[  626329ms] [ERROR] Failed to load resource: net::ERR_CONNECTION_REFUSED @ http://localhost:3333/:0
[  627332ms] [ERROR] Failed to load resource: net::ERR_CONNECTION_REFUSED @ http://localhost:3333/:0
[  628335ms] [ERROR] Failed to load resource: net::ERR_CONNECTION_REFUSED @ http://localhost:3333/:0
[  629339ms] [ERROR] Failed to load resource: net::ERR_CONNECTION_REFUSED @ http://localhost:3333/:0
[  630343ms] [ERROR] Failed to load resource: net::ERR_CONNECTION_REFUSED @ http://localhost:3333/:0
[  631346ms] [ERROR] Failed to load resource: net::ERR_CONNECTION_REFUSED @ http://localhost:3333/:0
[  632351ms] [ERROR] Failed to load resource: net::ERR_CONNECTION_REFUSED @ http://localhost:3333/:0
[  633355ms] [ERROR] Failed to load resource: net::ERR_CONNECTION_REFUSED @ http://localhost:3333/:0
[  634361ms] [ERROR] Failed to load resource: net::ERR_CONNECTION_REFUSED @ http://localhost:3333/:0
[  635366ms] [ERROR] Failed to load resource: net::ERR_CONNECTION_REFUSED @ http://localhost:3333/:0
[  635472ms] [ERROR] Failed to load resource: net::ERR_CONNECTION_REFUSED @ http://localhost:3333/version.json?t=1787795775967:0
[  635472ms] [ERROR] 檢查版本更新失敗: TypeError: Failed to fetch
    at checkForUpdates (http://localhost:3333/src/App.vue?t=1787795475431:148:32) @ http://localhost:3333/src/App.vue?t=1787795475431:185
[  636369ms] [ERROR] Failed to load resource: net::ERR_CONNECTION_REFUSED @ http://localhost:3333/:0
[  637374ms] [ERROR] Failed to load resource: net::ERR_CONNECTION_REFUSED @ http://localhost:3333/:0
[  638378ms] [ERROR] Failed to load resource: net::ERR_CONNECTION_REFUSED @ http://localhost:3333/:0
[  639380ms] [ERROR] Failed to load resource: net::ERR_CONNECTION_REFUSED @ http://localhost:3333/:0
[  640383ms] [ERROR] Failed to load resource: net::ERR_CONNECTION_REFUSED @ http://localhost:3333/:0
[  641387ms] [ERROR] Failed to load resource: net::ERR_CONNECTION_REFUSED @ http://localhost:3333/:0
[  642390ms] [ERROR] Failed to load resource: net::ERR_CONNECTION_REFUSED @ http://localhost:3333/:0
[  643392ms] [ERROR] Failed to load resource: net::ERR_CONNECTION_REFUSED @ http://localhost:3333/:0
[  644395ms] [ERROR] Failed to load resource: net::ERR_CONNECTION_REFUSED @ http://localhost:3333/:0
[  645398ms] [ERROR] Failed to load resource: net::ERR_CONNECTION_REFUSED @ http://localhost:3333/:0
[  646401ms] [ERROR] Failed to load resource: net::ERR_CONNECTION_REFUSED @ http://localhost:3333/:0
[  647404ms] [ERROR] Failed to load resource: net::ERR_CONNECTION_REFUSED @ http://localhost:3333/:0
[  648407ms] [ERROR] Failed to load resource: net::ERR_CONNECTION_REFUSED @ http://localhost:3333/:0
[  649409ms] [ERROR] Failed to load resource: net::ERR_CONNECTION_REFUSED @ http://localhost:3333/:0
[  650413ms] [ERROR] Failed to load resource: net::ERR_CONNECTION_REFUSED @ http://localhost:3333/:0
[  651417ms] [ERROR] Failed to load resource: net::ERR_CONNECTION_REFUSED @ http://localhost:3333/:0
[  652421ms] [ERROR] Failed to load resource: net::ERR_CONNECTION_REFUSED @ http://localhost:3333/:0
[  653426ms] [ERROR] Failed to load resource: net::ERR_CONNECTION_REFUSED @ http://localhost:3333/:0
[  654428ms] [ERROR] Failed to load resource: net::ERR_CONNECTION_REFUSED @ http://localhost:3333/:0
[  655432ms] [ERROR] Failed to load resource: net::ERR_CONNECTION_REFUSED @ http://localhost:3333/:0
[  656436ms] [ERROR] Failed to load resource: net::ERR_CONNECTION_REFUSED @ http://localhost:3333/:0
[  657441ms] [ERROR] Failed to load resource: net::ERR_CONNECTION_REFUSED @ http://localhost:3333/:0
[  658446ms] [ERROR] Failed to load resource: net::ERR_CONNECTION_REFUSED @ http://localhost:3333/:0
[  659449ms] [ERROR] Failed to load resource: net::ERR_CONNECTION_REFUSED @ http://localhost:3333/:0
[  660453ms] [ERROR] Failed to load resource: net::ERR_CONNECTION_REFUSED @ http://localhost:3333/:0
[  661456ms] [ERROR] Failed to load resource: net::ERR_CONNECTION_REFUSED @ http://localhost:3333/:0
[  662461ms] [ERROR] Failed to load resource: net::ERR_CONNECTION_REFUSED @ http://localhost:3333/:0
[  663465ms] [ERROR] Failed to load resource: net::ERR_CONNECTION_REFUSED @ http://localhost:3333/:0
[  664469ms] [ERROR] Failed to load resource: net::ERR_CONNECTION_REFUSED @ http://localhost:3333/:0
[  665472ms] [ERROR] Failed to load resource: net::ERR_CONNECTION_REFUSED @ http://localhost:3333/:0
[  666476ms] [ERROR] Failed to load resource: net::ERR_CONNECTION_REFUSED @ http://localhost:3333/:0
[  667479ms] [ERROR] Failed to load resource: net::ERR_CONNECTION_REFUSED @ http://localhost:3333/:0
[  668483ms] [ERROR] Failed to load resource: net::ERR_CONNECTION_REFUSED @ http://localhost:3333/:0
[  669487ms] [ERROR] Failed to load resource: net::ERR_CONNECTION_REFUSED @ http://localhost:3333/:0
[  670492ms] [ERROR] Failed to load resource: net::ERR_CONNECTION_REFUSED @ http://localhost:3333/:0
[  671496ms] [ERROR] Failed to load resource: net::ERR_CONNECTION_REFUSED @ http://localhost:3333/:0
[  672499ms] [ERROR] Failed to load resource: net::ERR_CONNECTION_REFUSED @ http://localhost:3333/:0
[  673503ms] [ERROR] Failed to load resource: net::ERR_CONNECTION_REFUSED @ http://localhost:3333/:0
[  674505ms] [ERROR] Failed to load resource: net::ERR_CONNECTION_REFUSED @ http://localhost:3333/:0
[  675510ms] [ERROR] Failed to load resource: net::ERR_CONNECTION_REFUSED @ http://localhost:3333/:0
[  676514ms] [ERROR] Failed to load resource: net::ERR_CONNECTION_REFUSED @ http://localhost:3333/:0
[  677518ms] [ERROR] Failed to load resource: net::ERR_CONNECTION_REFUSED @ http://localhost:3333/:0
[  678521ms] [ERROR] Failed to load resource: net::ERR_CONNECTION_REFUSED @ http://localhost:3333/:0
[  679522ms] [ERROR] Failed to load resource: net::ERR_CONNECTION_REFUSED @ http://localhost:3333/:0
[  680528ms] [ERROR] Failed to load resource: net::ERR_CONNECTION_REFUSED @ http://localhost:3333/:0
[  681533ms] [ERROR] Failed to load resource: net::ERR_CONNECTION_REFUSED @ http://localhost:3333/:0
[  682537ms] [ERROR] Failed to load resource: net::ERR_CONNECTION_REFUSED @ http://localhost:3333/:0
[  683542ms] [ERROR] Failed to load resource: net::ERR_CONNECTION_REFUSED @ http://localhost:3333/:0
[  684547ms] [ERROR] Failed to load resource: net::ERR_CONNECTION_REFUSED @ http://localhost:3333/:0
[  685552ms] [ERROR] Failed to load resource: net::ERR_CONNECTION_REFUSED @ http://localhost:3333/:0
[  686556ms] [ERROR] Failed to load resource: net::ERR_CONNECTION_REFUSED @ http://localhost:3333/:0
[  687559ms] [ERROR] Failed to load resource: net::ERR_CONNECTION_REFUSED @ http://localhost:3333/:0
[  688563ms] [ERROR] Failed to load resource: net::ERR_CONNECTION_REFUSED @ http://localhost:3333/:0
[  689565ms] [ERROR] Failed to load resource: net::ERR_CONNECTION_REFUSED @ http://localhost:3333/:0
[  690569ms] [ERROR] Failed to load resource: net::ERR_CONNECTION_REFUSED @ http://localhost:3333/:0
[  691576ms] [ERROR] Failed to load resource: net::ERR_CONNECTION_REFUSED @ http://localhost:3333/:0
[  692580ms] [ERROR] Failed to load resource: net::ERR_CONNECTION_REFUSED @ http://localhost:3333/:0
[  693585ms] [ERROR] Failed to load resource: net::ERR_CONNECTION_REFUSED @ http://localhost:3333/:0
[  694589ms] [ERROR] Failed to load resource: net::ERR_CONNECTION_REFUSED @ http://localhost:3333/:0
[  695472ms] [ERROR] Failed to load resource: net::ERR_CONNECTION_REFUSED @ http://localhost:3333/version.json?t=1787795835967:0
[  695472ms] [ERROR] 檢查版本更新失敗: TypeError: Failed to fetch
    at checkForUpdates (http://localhost:3333/src/App.vue?t=1787795475431:148:32) @ http://localhost:3333/src/App.vue?t=1787795475431:185
[  695593ms] [ERROR] Failed to load resource: net::ERR_CONNECTION_REFUSED @ http://localhost:3333/:0
[  696597ms] [ERROR] Failed to load resource: net::ERR_CONNECTION_REFUSED @ http://localhost:3333/:0
[  697602ms] [ERROR] Failed to load resource: net::ERR_CONNECTION_REFUSED @ http://localhost:3333/:0
[  698607ms] [ERROR] Failed to load resource: net::ERR_CONNECTION_REFUSED @ http://localhost:3333/:0
[  699610ms] [ERROR] Failed to load resource: net::ERR_CONNECTION_REFUSED @ http://localhost:3333/:0
[  700612ms] [ERROR] Failed to load resource: net::ERR_CONNECTION_REFUSED @ http://localhost:3333/:0
[  701617ms] [ERROR] Failed to load resource: net::ERR_CONNECTION_REFUSED @ http://localhost:3333/:0
[  702623ms] [ERROR] Failed to load resource: net::ERR_CONNECTION_REFUSED @ http://localhost:3333/:0
[  703627ms] [ERROR] Failed to load resource: net::ERR_CONNECTION_REFUSED @ http://localhost:3333/:0
[  704630ms] [ERROR] Failed to load resource: net::ERR_CONNECTION_REFUSED @ http://localhost:3333/:0
[  705639ms] [ERROR] Failed to load resource: net::ERR_CONNECTION_REFUSED @ http://localhost:3333/:0
[  706643ms] [ERROR] Failed to load resource: net::ERR_CONNECTION_REFUSED @ http://localhost:3333/:0
[  707647ms] [ERROR] Failed to load resource: net::ERR_CONNECTION_REFUSED @ http://localhost:3333/:0
[  708651ms] [ERROR] Failed to load resource: net::ERR_CONNECTION_REFUSED @ http://localhost:3333/:0
[  709655ms] [ERROR] Failed to load resource: net::ERR_CONNECTION_REFUSED @ http://localhost:3333/:0
[  710659ms] [ERROR] Failed to load resource: net::ERR_CONNECTION_REFUSED @ http://localhost:3333/:0
[  711664ms] [ERROR] Failed to load resource: net::ERR_CONNECTION_REFUSED @ http://localhost:3333/:0
[  712670ms] [ERROR] Failed to load resource: net::ERR_CONNECTION_REFUSED @ http://localhost:3333/:0
[  713676ms] [ERROR] Failed to load resource: net::ERR_CONNECTION_REFUSED @ http://localhost:3333/:0
[  714681ms] [ERROR] Failed to load resource: net::ERR_CONNECTION_REFUSED @ http://localhost:3333/:0
[  715687ms] [ERROR] Failed to load resource: net::ERR_CONNECTION_REFUSED @ http://localhost:3333/:0
[  716691ms] [ERROR] Failed to load resource: net::ERR_CONNECTION_REFUSED @ http://localhost:3333/:0
[  717694ms] [ERROR] Failed to load resource: net::ERR_CONNECTION_REFUSED @ http://localhost:3333/:0
[  718699ms] [ERROR] Failed to load resource: net::ERR_CONNECTION_REFUSED @ http://localhost:3333/:0
[  719704ms] [ERROR] Failed to load resource: net::ERR_CONNECTION_REFUSED @ http://localhost:3333/:0
[  720711ms] [ERROR] Failed to load resource: net::ERR_CONNECTION_REFUSED @ http://localhost:3333/:0
[  721716ms] [ERROR] Failed to load resource: net::ERR_CONNECTION_REFUSED @ http://localhost:3333/:0
[  722720ms] [ERROR] Failed to load resource: net::ERR_CONNECTION_REFUSED @ http://localhost:3333/:0
[  723725ms] [ERROR] Failed to load resource: net::ERR_CONNECTION_REFUSED @ http://localhost:3333/:0
[  724729ms] [ERROR] Failed to load resource: net::ERR_CONNECTION_REFUSED @ http://localhost:3333/:0
[  725733ms] [ERROR] Failed to load resource: net::ERR_CONNECTION_REFUSED @ http://localhost:3333/:0
[  726737ms] [ERROR] Failed to load resource: net::ERR_CONNECTION_REFUSED @ http://localhost:3333/:0
[  727742ms] [ERROR] Failed to load resource: net::ERR_CONNECTION_REFUSED @ http://localhost:3333/:0
[  728743ms] [ERROR] Failed to load resource: net::ERR_CONNECTION_REFUSED @ http://localhost:3333/:0
[  729747ms] [ERROR] Failed to load resource: net::ERR_CONNECTION_REFUSED @ http://localhost:3333/:0
[  730751ms] [ERROR] Failed to load resource: net::ERR_CONNECTION_REFUSED @ http://localhost:3333/:0
[  731754ms] [ERROR] Failed to load resource: net::ERR_CONNECTION_REFUSED @ http://localhost:3333/:0
[  732759ms] [ERROR] Failed to load resource: net::ERR_CONNECTION_REFUSED @ http://localhost:3333/:0
[  733763ms] [ERROR] Failed to load resource: net::ERR_CONNECTION_REFUSED @ http://localhost:3333/:0
[  734766ms] [ERROR] Failed to load resource: net::ERR_CONNECTION_REFUSED @ http://localhost:3333/:0
[  735770ms] [ERROR] Failed to load resource: net::ERR_CONNECTION_REFUSED @ http://localhost:3333/:0
[  736774ms] [ERROR] Failed to load resource: net::ERR_CONNECTION_REFUSED @ http://localhost:3333/:0
[  737885ms] [ERROR] Failed to load resource: net::ERR_CONNECTION_REFUSED @ http://localhost:3333/:0
[  738892ms] [ERROR] Failed to load resource: net::ERR_CONNECTION_REFUSED @ http://localhost:3333/:0
[  739895ms] [ERROR] Failed to load resource: net::ERR_CONNECTION_REFUSED @ http://localhost:3333/:0
[  740900ms] [ERROR] Failed to load resource: net::ERR_CONNECTION_REFUSED @ http://localhost:3333/:0
[  741906ms] [ERROR] Failed to load resource: net::ERR_CONNECTION_REFUSED @ http://localhost:3333/:0
[  742910ms] [ERROR] Failed to load resource: net::ERR_CONNECTION_REFUSED @ http://localhost:3333/:0
[  743916ms] [ERROR] Failed to load resource: net::ERR_CONNECTION_REFUSED @ http://localhost:3333/:0
[  744919ms] [ERROR] Failed to load resource: net::ERR_CONNECTION_REFUSED @ http://localhost:3333/:0
[  745924ms] [ERROR] Failed to load resource: net::ERR_CONNECTION_REFUSED @ http://localhost:3333/:0
[  746926ms] [ERROR] Failed to load resource: net::ERR_CONNECTION_REFUSED @ http://localhost:3333/:0
[  747930ms] [ERROR] Failed to load resource: net::ERR_CONNECTION_REFUSED @ http://localhost:3333/:0
[  748934ms] [ERROR] Failed to load resource: net::ERR_CONNECTION_REFUSED @ http://localhost:3333/:0
[  749939ms] [ERROR] Failed to load resource: net::ERR_CONNECTION_REFUSED @ http://localhost:3333/:0
[  750944ms] [ERROR] Failed to load resource: net::ERR_CONNECTION_REFUSED @ http://localhost:3333/:0
[  751949ms] [ERROR] Failed to load resource: net::ERR_CONNECTION_REFUSED @ http://localhost:3333/:0
[  752952ms] [ERROR] Failed to load resource: net::ERR_CONNECTION_REFUSED @ http://localhost:3333/:0
[  753957ms] [ERROR] Failed to load resource: net::ERR_CONNECTION_REFUSED @ http://localhost:3333/:0
[  754961ms] [ERROR] Failed to load resource: net::ERR_CONNECTION_REFUSED @ http://localhost:3333/:0
[  755471ms] [ERROR] Failed to load resource: net::ERR_CONNECTION_REFUSED @ http://localhost:3333/version.json?t=1787795895966:0
[  755472ms] [ERROR] 檢查版本更新失敗: TypeError: Failed to fetch
    at checkForUpdates (http://localhost:3333/src/App.vue?t=1787795475431:148:32) @ http://localhost:3333/src/App.vue?t=1787795475431:185
[  755963ms] [ERROR] Failed to load resource: net::ERR_CONNECTION_REFUSED @ http://localhost:3333/:0
[  756967ms] [ERROR] Failed to load resource: net::ERR_CONNECTION_REFUSED @ http://localhost:3333/:0
[  757970ms] [ERROR] Failed to load resource: net::ERR_CONNECTION_REFUSED @ http://localhost:3333/:0
[  758974ms] [ERROR] Failed to load resource: net::ERR_CONNECTION_REFUSED @ http://localhost:3333/:0
[  759978ms] [ERROR] Failed to load resource: net::ERR_CONNECTION_REFUSED @ http://localhost:3333/:0
[  760984ms] [ERROR] Failed to load resource: net::ERR_CONNECTION_REFUSED @ http://localhost:3333/:0
[  761989ms] [ERROR] Failed to load resource: net::ERR_CONNECTION_REFUSED @ http://localhost:3333/:0
[  762991ms] [ERROR] Failed to load resource: net::ERR_CONNECTION_REFUSED @ http://localhost:3333/:0
[  763996ms] [ERROR] Failed to load resource: net::ERR_CONNECTION_REFUSED @ http://localhost:3333/:0
[  765001ms] [ERROR] Failed to load resource: net::ERR_CONNECTION_REFUSED @ http://localhost:3333/:0
[  766005ms] [ERROR] Failed to load resource: net::ERR_CONNECTION_REFUSED @ http://localhost:3333/:0
[  767010ms] [ERROR] Failed to load resource: net::ERR_CONNECTION_REFUSED @ http://localhost:3333/:0
[  768013ms] [ERROR] Failed to load resource: net::ERR_CONNECTION_REFUSED @ http://localhost:3333/:0
[  769019ms] [ERROR] Failed to load resource: net::ERR_CONNECTION_REFUSED @ http://localhost:3333/:0
[  770023ms] [ERROR] Failed to load resource: net::ERR_CONNECTION_REFUSED @ http://localhost:3333/:0
[  771028ms] [ERROR] Failed to load resource: net::ERR_CONNECTION_REFUSED @ http://localhost:3333/:0
[  772032ms] [ERROR] Failed to load resource: net::ERR_CONNECTION_REFUSED @ http://localhost:3333/:0
[  773034ms] [ERROR] Failed to load resource: net::ERR_CONNECTION_REFUSED @ http://localhost:3333/:0
[  774038ms] [ERROR] Failed to load resource: net::ERR_CONNECTION_REFUSED @ http://localhost:3333/:0
[  775042ms] [ERROR] Failed to load resource: net::ERR_CONNECTION_REFUSED @ http://localhost:3333/:0
[  776047ms] [ERROR] Failed to load resource: net::ERR_CONNECTION_REFUSED @ http://localhost:3333/:0
[  777051ms] [ERROR] Failed to load resource: net::ERR_CONNECTION_REFUSED @ http://localhost:3333/:0
[  778053ms] [ERROR] Failed to load resource: net::ERR_CONNECTION_REFUSED @ http://localhost:3333/:0
[  779057ms] [ERROR] Failed to load resource: net::ERR_CONNECTION_REFUSED @ http://localhost:3333/:0
[  780064ms] [ERROR] Failed to load resource: net::ERR_CONNECTION_REFUSED @ http://localhost:3333/:0
[  781067ms] [ERROR] Failed to load resource: net::ERR_CONNECTION_REFUSED @ http://localhost:3333/:0
[  782070ms] [ERROR] Failed to load resource: net::ERR_CONNECTION_REFUSED @ http://localhost:3333/:0
[  783071ms] [ERROR] Failed to load resource: net::ERR_CONNECTION_REFUSED @ http://localhost:3333/:0
[  784074ms] [ERROR] Failed to load resource: net::ERR_CONNECTION_REFUSED @ http://localhost:3333/:0
[  785078ms] [ERROR] Failed to load resource: net::ERR_CONNECTION_REFUSED @ http://localhost:3333/:0
[  786082ms] [ERROR] Failed to load resource: net::ERR_CONNECTION_REFUSED @ http://localhost:3333/:0
[  787085ms] [ERROR] Failed to load resource: net::ERR_CONNECTION_REFUSED @ http://localhost:3333/:0
[  788088ms] [ERROR] Failed to load resource: net::ERR_CONNECTION_REFUSED @ http://localhost:3333/:0
[  789090ms] [ERROR] Failed to load resource: net::ERR_CONNECTION_REFUSED @ http://localhost:3333/:0
[  790094ms] [ERROR] Failed to load resource: net::ERR_CONNECTION_REFUSED @ http://localhost:3333/:0
[  791098ms] [ERROR] Failed to load resource: net::ERR_CONNECTION_REFUSED @ http://localhost:3333/:0
[  792101ms] [ERROR] Failed to load resource: net::ERR_CONNECTION_REFUSED @ http://localhost:3333/:0
[  793103ms] [ERROR] Failed to load resource: net::ERR_CONNECTION_REFUSED @ http://localhost:3333/:0
[  794107ms] [ERROR] Failed to load resource: net::ERR_CONNECTION_REFUSED @ http://localhost:3333/:0
[  795110ms] [ERROR] Failed to load resource: net::ERR_CONNECTION_REFUSED @ http://localhost:3333/:0
[  796114ms] [ERROR] Failed to load resource: net::ERR_CONNECTION_REFUSED @ http://localhost:3333/:0
[  797119ms] [ERROR] Failed to load resource: net::ERR_CONNECTION_REFUSED @ http://localhost:3333/:0
[  798122ms] [ERROR] Failed to load resource: net::ERR_CONNECTION_REFUSED @ http://localhost:3333/:0
[  799125ms] [ERROR] Failed to load resource: net::ERR_CONNECTION_REFUSED @ http://localhost:3333/:0
[  800129ms] [ERROR] Failed to load resource: net::ERR_CONNECTION_REFUSED @ http://localhost:3333/:0
[  801135ms] [ERROR] Failed to load resource: net::ERR_CONNECTION_REFUSED @ http://localhost:3333/:0
[  802140ms] [ERROR] Failed to load resource: net::ERR_CONNECTION_REFUSED @ http://localhost:3333/:0
[  803143ms] [ERROR] Failed to load resource: net::ERR_CONNECTION_REFUSED @ http://localhost:3333/:0
[  804146ms] [ERROR] Failed to load resource: net::ERR_CONNECTION_REFUSED @ http://localhost:3333/:0
[  805150ms] [ERROR] Failed to load resource: net::ERR_CONNECTION_REFUSED @ http://localhost:3333/:0
[  806154ms] [ERROR] Failed to load resource: net::ERR_CONNECTION_REFUSED @ http://localhost:3333/:0
[  807158ms] [ERROR] Failed to load resource: net::ERR_CONNECTION_REFUSED @ http://localhost:3333/:0
[  808160ms] [ERROR] Failed to load resource: net::ERR_CONNECTION_REFUSED @ http://localhost:3333/:0
[  809162ms] [ERROR] Failed to load resource: net::ERR_CONNECTION_REFUSED @ http://localhost:3333/:0
[  810165ms] [ERROR] Failed to load resource: net::ERR_CONNECTION_REFUSED @ http://localhost:3333/:0
[  811168ms] [ERROR] Failed to load resource: net::ERR_CONNECTION_REFUSED @ http://localhost:3333/:0
[  812172ms] [ERROR] Failed to load resource: net::ERR_CONNECTION_REFUSED @ http://localhost:3333/:0
[  813175ms] [ERROR] Failed to load resource: net::ERR_CONNECTION_REFUSED @ http://localhost:3333/:0
[  814179ms] [ERROR] Failed to load resource: net::ERR_CONNECTION_REFUSED @ http://localhost:3333/:0
[  815182ms] [ERROR] Failed to load resource: net::ERR_CONNECTION_REFUSED @ http://localhost:3333/:0
[  815469ms] [ERROR] Failed to load resource: net::ERR_CONNECTION_REFUSED @ http://localhost:3333/version.json?t=1787795955966:0
[  815469ms] [ERROR] 檢查版本更新失敗: TypeError: Failed to fetch
    at checkForUpdates (http://localhost:3333/src/App.vue?t=1787795475431:148:32) @ http://localhost:3333/src/App.vue?t=1787795475431:185
[  816184ms] [ERROR] Failed to load resource: net::ERR_CONNECTION_REFUSED @ http://localhost:3333/:0
[  817187ms] [ERROR] Failed to load resource: net::ERR_CONNECTION_REFUSED @ http://localhost:3333/:0
[  818189ms] [ERROR] Failed to load resource: net::ERR_CONNECTION_REFUSED @ http://localhost:3333/:0
[  819195ms] [ERROR] Failed to load resource: net::ERR_CONNECTION_REFUSED @ http://localhost:3333/:0
[  820199ms] [ERROR] Failed to load resource: net::ERR_CONNECTION_REFUSED @ http://localhost:3333/:0
[  821204ms] [ERROR] Failed to load resource: net::ERR_CONNECTION_REFUSED @ http://localhost:3333/:0
[  822208ms] [ERROR] Failed to load resource: net::ERR_CONNECTION_REFUSED @ http://localhost:3333/:0
[  823211ms] [ERROR] Failed to load resource: net::ERR_CONNECTION_REFUSED @ http://localhost:3333/:0
[  824215ms] [ERROR] Failed to load resource: net::ERR_CONNECTION_REFUSED @ http://localhost:3333/:0
[  825221ms] [ERROR] Failed to load resource: net::ERR_CONNECTION_REFUSED @ http://localhost:3333/:0
[  826226ms] [ERROR] Failed to load resource: net::ERR_CONNECTION_REFUSED @ http://localhost:3333/:0
[  827232ms] [ERROR] Failed to load resource: net::ERR_CONNECTION_REFUSED @ http://localhost:3333/:0
[  828236ms] [ERROR] Failed to load resource: net::ERR_CONNECTION_REFUSED @ http://localhost:3333/:0
[  829240ms] [ERROR] Failed to load resource: net::ERR_CONNECTION_REFUSED @ http://localhost:3333/:0
[  830245ms] [ERROR] Failed to load resource: net::ERR_CONNECTION_REFUSED @ http://localhost:3333/:0
[  831250ms] [ERROR] Failed to load resource: net::ERR_CONNECTION_REFUSED @ http://localhost:3333/:0
[  832255ms] [ERROR] Failed to load resource: net::ERR_CONNECTION_REFUSED @ http://localhost:3333/:0
[  833260ms] [ERROR] Failed to load resource: net::ERR_CONNECTION_REFUSED @ http://localhost:3333/:0
[  834265ms] [ERROR] Failed to load resource: net::ERR_CONNECTION_REFUSED @ http://localhost:3333/:0
[  835269ms] [ERROR] Failed to load resource: net::ERR_CONNECTION_REFUSED @ http://localhost:3333/:0
[  836274ms] [ERROR] Failed to load resource: net::ERR_CONNECTION_REFUSED @ http://localhost:3333/:0
[  837279ms] [ERROR] Failed to load resource: net::ERR_CONNECTION_REFUSED @ http://localhost:3333/:0
[  838283ms] [ERROR] Failed to load resource: net::ERR_CONNECTION_REFUSED @ http://localhost:3333/:0
[  839288ms] [ERROR] Failed to load resource: net::ERR_CONNECTION_REFUSED @ http://localhost:3333/:0
[  840294ms] [ERROR] Failed to load resource: net::ERR_CONNECTION_REFUSED @ http://localhost:3333/:0
[  841299ms] [ERROR] Failed to load resource: net::ERR_CONNECTION_REFUSED @ http://localhost:3333/:0
[  842303ms] [ERROR] Failed to load resource: net::ERR_CONNECTION_REFUSED @ http://localhost:3333/:0
[  843308ms] [ERROR] Failed to load resource: net::ERR_CONNECTION_REFUSED @ http://localhost:3333/:0
[  844314ms] [ERROR] Failed to load resource: net::ERR_CONNECTION_REFUSED @ http://localhost:3333/:0
[  845317ms] [ERROR] Failed to load resource: net::ERR_CONNECTION_REFUSED @ http://localhost:3333/:0
[  846323ms] [ERROR] Failed to load resource: net::ERR_CONNECTION_REFUSED @ http://localhost:3333/:0
[  847327ms] [ERROR] Failed to load resource: net::ERR_CONNECTION_REFUSED @ http://localhost:3333/:0
[  848330ms] [ERROR] Failed to load resource: net::ERR_CONNECTION_REFUSED @ http://localhost:3333/:0
[  849335ms] [ERROR] Failed to load resource: net::ERR_CONNECTION_REFUSED @ http://localhost:3333/:0
[  850341ms] [ERROR] Failed to load resource: net::ERR_CONNECTION_REFUSED @ http://localhost:3333/:0
[  851347ms] [ERROR] Failed to load resource: net::ERR_CONNECTION_REFUSED @ http://localhost:3333/:0
[  852351ms] [ERROR] Failed to load resource: net::ERR_CONNECTION_REFUSED @ http://localhost:3333/:0
[  853355ms] [ERROR] Failed to load resource: net::ERR_CONNECTION_REFUSED @ http://localhost:3333/:0
[  854359ms] [ERROR] Failed to load resource: net::ERR_CONNECTION_REFUSED @ http://localhost:3333/:0
[  855363ms] [ERROR] Failed to load resource: net::ERR_CONNECTION_REFUSED @ http://localhost:3333/:0
[  856366ms] [ERROR] Failed to load resource: net::ERR_CONNECTION_REFUSED @ http://localhost:3333/:0
[  857369ms] [ERROR] Failed to load resource: net::ERR_CONNECTION_REFUSED @ http://localhost:3333/:0
[  858372ms] [ERROR] Failed to load resource: net::ERR_CONNECTION_REFUSED @ http://localhost:3333/:0
[  859375ms] [ERROR] Failed to load resource: net::ERR_CONNECTION_REFUSED @ http://localhost:3333/:0
[  860378ms] [ERROR] Failed to load resource: net::ERR_CONNECTION_REFUSED @ http://localhost:3333/:0
[  861382ms] [ERROR] Failed to load resource: net::ERR_CONNECTION_REFUSED @ http://localhost:3333/:0
[  862385ms] [ERROR] Failed to load resource: net::ERR_CONNECTION_REFUSED @ http://localhost:3333/:0
[  863387ms] [ERROR] Failed to load resource: net::ERR_CONNECTION_REFUSED @ http://localhost:3333/:0
[  864389ms] [ERROR] Failed to load resource: net::ERR_CONNECTION_REFUSED @ http://localhost:3333/:0
[  865394ms] [ERROR] Failed to load resource: net::ERR_CONNECTION_REFUSED @ http://localhost:3333/:0
[  866396ms] [ERROR] Failed to load resource: net::ERR_CONNECTION_REFUSED @ http://localhost:3333/:0
[  867398ms] [ERROR] Failed to load resource: net::ERR_CONNECTION_REFUSED @ http://localhost:3333/:0
[  868401ms] [ERROR] Failed to load resource: net::ERR_CONNECTION_REFUSED @ http://localhost:3333/:0
[  869403ms] [ERROR] Failed to load resource: net::ERR_CONNECTION_REFUSED @ http://localhost:3333/:0
[  870405ms] [ERROR] Failed to load resource: net::ERR_CONNECTION_REFUSED @ http://localhost:3333/:0
[  871407ms] [ERROR] Failed to load resource: net::ERR_CONNECTION_REFUSED @ http://localhost:3333/:0
[  872409ms] [ERROR] Failed to load resource: net::ERR_CONNECTION_REFUSED @ http://localhost:3333/:0
[  873412ms] [ERROR] Failed to load resource: net::ERR_CONNECTION_REFUSED @ http://localhost:3333/:0
[  874415ms] [ERROR] Failed to load resource: net::ERR_CONNECTION_REFUSED @ http://localhost:3333/:0
[  875419ms] [ERROR] Failed to load resource: net::ERR_CONNECTION_REFUSED @ http://localhost:3333/:0
[  875468ms] [ERROR] Failed to load resource: net::ERR_CONNECTION_REFUSED @ http://localhost:3333/version.json?t=1787796015964:0
[  875468ms] [ERROR] 檢查版本更新失敗: TypeError: Failed to fetch
    at checkForUpdates (http://localhost:3333/src/App.vue?t=1787795475431:148:32) @ http://localhost:3333/src/App.vue?t=1787795475431:185
[  876421ms] [ERROR] Failed to load resource: net::ERR_CONNECTION_REFUSED @ http://localhost:3333/:0
[  877424ms] [ERROR] Failed to load resource: net::ERR_CONNECTION_REFUSED @ http://localhost:3333/:0
[  878426ms] [ERROR] Failed to load resource: net::ERR_CONNECTION_REFUSED @ http://localhost:3333/:0
[  879429ms] [ERROR] Failed to load resource: net::ERR_CONNECTION_REFUSED @ http://localhost:3333/:0
[  880431ms] [ERROR] Failed to load resource: net::ERR_CONNECTION_REFUSED @ http://localhost:3333/:0
[  881433ms] [ERROR] Failed to load resource: net::ERR_CONNECTION_REFUSED @ http://localhost:3333/:0
[  882436ms] [ERROR] Failed to load resource: net::ERR_CONNECTION_REFUSED @ http://localhost:3333/:0
[  883437ms] [ERROR] Failed to load resource: net::ERR_CONNECTION_REFUSED @ http://localhost:3333/:0
[  884438ms] [ERROR] Failed to load resource: net::ERR_CONNECTION_REFUSED @ http://localhost:3333/:0
[  885440ms] [ERROR] Failed to load resource: net::ERR_CONNECTION_REFUSED @ http://localhost:3333/:0
[  886442ms] [ERROR] Failed to load resource: net::ERR_CONNECTION_REFUSED @ http://localhost:3333/:0
[  887444ms] [ERROR] Failed to load resource: net::ERR_CONNECTION_REFUSED @ http://localhost:3333/:0
[  888446ms] [ERROR] Failed to load resource: net::ERR_CONNECTION_REFUSED @ http://localhost:3333/:0
[  889449ms] [ERROR] Failed to load resource: net::ERR_CONNECTION_REFUSED @ http://localhost:3333/:0
[  890452ms] [ERROR] Failed to load resource: net::ERR_CONNECTION_REFUSED @ http://localhost:3333/:0
[  891458ms] [ERROR] Failed to load resource: net::ERR_CONNECTION_REFUSED @ http://localhost:3333/:0
[  892463ms] [ERROR] Failed to load resource: net::ERR_CONNECTION_REFUSED @ http://localhost:3333/:0
[  893467ms] [ERROR] Failed to load resource: net::ERR_CONNECTION_REFUSED @ http://localhost:3333/:0
[  894470ms] [ERROR] Failed to load resource: net::ERR_CONNECTION_REFUSED @ http://localhost:3333/:0
[  895551ms] [ERROR] Failed to load resource: net::ERR_CONNECTION_REFUSED @ http://localhost:3333/:0
[  896555ms] [ERROR] Failed to load resource: net::ERR_CONNECTION_REFUSED @ http://localhost:3333/:0
[  897559ms] [ERROR] Failed to load resource: net::ERR_CONNECTION_REFUSED @ http://localhost:3333/:0
[  898562ms] [ERROR] Failed to load resource: net::ERR_CONNECTION_REFUSED @ http://localhost:3333/:0
[  899566ms] [ERROR] Failed to load resource: net::ERR_CONNECTION_REFUSED @ http://localhost:3333/:0
[  900573ms] [ERROR] Failed to load resource: net::ERR_CONNECTION_REFUSED @ http://localhost:3333/:0
[  901578ms] [ERROR] Failed to load resource: net::ERR_CONNECTION_REFUSED @ http://localhost:3333/:0
[  902582ms] [ERROR] Failed to load resource: net::ERR_CONNECTION_REFUSED @ http://localhost:3333/:0
[  903587ms] [ERROR] Failed to load resource: net::ERR_CONNECTION_REFUSED @ http://localhost:3333/:0
[  904591ms] [ERROR] Failed to load resource: net::ERR_CONNECTION_REFUSED @ http://localhost:3333/:0
[  905596ms] [ERROR] Failed to load resource: net::ERR_CONNECTION_REFUSED @ http://localhost:3333/:0
[  906601ms] [ERROR] Failed to load resource: net::ERR_CONNECTION_REFUSED @ http://localhost:3333/:0
[  907604ms] [ERROR] Failed to load resource: net::ERR_CONNECTION_REFUSED @ http://localhost:3333/:0
[  908607ms] [ERROR] Failed to load resource: net::ERR_CONNECTION_REFUSED @ http://localhost:3333/:0
[  909609ms] [ERROR] Failed to load resource: net::ERR_CONNECTION_REFUSED @ http://localhost:3333/:0
[  910611ms] [ERROR] Failed to load resource: net::ERR_CONNECTION_REFUSED @ http://localhost:3333/:0
[  911613ms] [ERROR] Failed to load resource: net::ERR_CONNECTION_REFUSED @ http://localhost:3333/:0
[  912615ms] [ERROR] Failed to load resource: net::ERR_CONNECTION_REFUSED @ http://localhost:3333/:0
[  913617ms] [ERROR] Failed to load resource: net::ERR_CONNECTION_REFUSED @ http://localhost:3333/:0
[  914620ms] [ERROR] Failed to load resource: net::ERR_CONNECTION_REFUSED @ http://localhost:3333/:0
[  915622ms] [ERROR] Failed to load resource: net::ERR_CONNECTION_REFUSED @ http://localhost:3333/:0
[  916624ms] [ERROR] Failed to load resource: net::ERR_CONNECTION_REFUSED @ http://localhost:3333/:0
[  917627ms] [ERROR] Failed to load resource: net::ERR_CONNECTION_REFUSED @ http://localhost:3333/:0
[  918629ms] [ERROR] Failed to load resource: net::ERR_CONNECTION_REFUSED @ http://localhost:3333/:0
[  919631ms] [ERROR] Failed to load resource: net::ERR_CONNECTION_REFUSED @ http://localhost:3333/:0
[  920633ms] [ERROR] Failed to load resource: net::ERR_CONNECTION_REFUSED @ http://localhost:3333/:0
[  921635ms] [ERROR] Failed to load resource: net::ERR_CONNECTION_REFUSED @ http://localhost:3333/:0
[  922637ms] [ERROR] Failed to load resource: net::ERR_CONNECTION_REFUSED @ http://localhost:3333/:0
[  923639ms] [ERROR] Failed to load resource: net::ERR_CONNECTION_REFUSED @ http://localhost:3333/:0
[  924641ms] [ERROR] Failed to load resource: net::ERR_CONNECTION_REFUSED @ http://localhost:3333/:0
[  925645ms] [ERROR] Failed to load resource: net::ERR_CONNECTION_REFUSED @ http://localhost:3333/:0
[  926647ms] [ERROR] Failed to load resource: net::ERR_CONNECTION_REFUSED @ http://localhost:3333/:0
[  927649ms] [ERROR] Failed to load resource: net::ERR_CONNECTION_REFUSED @ http://localhost:3333/:0
[  928651ms] [ERROR] Failed to load resource: net::ERR_CONNECTION_REFUSED @ http://localhost:3333/:0
[  929653ms] [ERROR] Failed to load resource: net::ERR_CONNECTION_REFUSED @ http://localhost:3333/:0
[  930655ms] [ERROR] Failed to load resource: net::ERR_CONNECTION_REFUSED @ http://localhost:3333/:0
[  931657ms] [ERROR] Failed to load resource: net::ERR_CONNECTION_REFUSED @ http://localhost:3333/:0
[  932659ms] [ERROR] Failed to load resource: net::ERR_CONNECTION_REFUSED @ http://localhost:3333/:0
[  933662ms] [ERROR] Failed to load resource: net::ERR_CONNECTION_REFUSED @ http://localhost:3333/:0
[  934664ms] [ERROR] Failed to load resource: net::ERR_CONNECTION_REFUSED @ http://localhost:3333/:0
[  935544ms] [ERROR] Failed to load resource: net::ERR_CONNECTION_REFUSED @ http://localhost:3333/version.json?t=1787796076041:0
[  935544ms] [ERROR] 檢查版本更新失敗: TypeError: Failed to fetch
    at checkForUpdates (http://localhost:3333/src/App.vue?t=1787795475431:148:32) @ http://localhost:3333/src/App.vue?t=1787795475431:185
[  935666ms] [ERROR] Failed to load resource: net::ERR_CONNECTION_REFUSED @ http://localhost:3333/:0
[  936669ms] [ERROR] Failed to load resource: net::ERR_CONNECTION_REFUSED @ http://localhost:3333/:0
[  937671ms] [ERROR] Failed to load resource: net::ERR_CONNECTION_REFUSED @ http://localhost:3333/:0
[  938674ms] [ERROR] Failed to load resource: net::ERR_CONNECTION_REFUSED @ http://localhost:3333/:0
[  939676ms] [ERROR] Failed to load resource: net::ERR_CONNECTION_REFUSED @ http://localhost:3333/:0
[  940678ms] [ERROR] Failed to load resource: net::ERR_CONNECTION_REFUSED @ http://localhost:3333/:0
[  941680ms] [ERROR] Failed to load resource: net::ERR_CONNECTION_REFUSED @ http://localhost:3333/:0
[  942683ms] [ERROR] Failed to load resource: net::ERR_CONNECTION_REFUSED @ http://localhost:3333/:0
[  943686ms] [ERROR] Failed to load resource: net::ERR_CONNECTION_REFUSED @ http://localhost:3333/:0
[  944688ms] [ERROR] Failed to load resource: net::ERR_CONNECTION_REFUSED @ http://localhost:3333/:0
[  945690ms] [ERROR] Failed to load resource: net::ERR_CONNECTION_REFUSED @ http://localhost:3333/:0
[  946692ms] [ERROR] Failed to load resource: net::ERR_CONNECTION_REFUSED @ http://localhost:3333/:0
[  947694ms] [ERROR] Failed to load resource: net::ERR_CONNECTION_REFUSED @ http://localhost:3333/:0
[  948696ms] [ERROR] Failed to load resource: net::ERR_CONNECTION_REFUSED @ http://localhost:3333/:0
[  949698ms] [ERROR] Failed to load resource: net::ERR_CONNECTION_REFUSED @ http://localhost:3333/:0
[  950700ms] [ERROR] Failed to load resource: net::ERR_CONNECTION_REFUSED @ http://localhost:3333/:0
[  951702ms] [ERROR] Failed to load resource: net::ERR_CONNECTION_REFUSED @ http://localhost:3333/:0
[  952705ms] [ERROR] Failed to load resource: net::ERR_CONNECTION_REFUSED @ http://localhost:3333/:0
[  953707ms] [ERROR] Failed to load resource: net::ERR_CONNECTION_REFUSED @ http://localhost:3333/:0
[  954710ms] [ERROR] Failed to load resource: net::ERR_CONNECTION_REFUSED @ http://localhost:3333/:0
[  955712ms] [ERROR] Failed to load resource: net::ERR_CONNECTION_REFUSED @ http://localhost:3333/:0
[  956714ms] [ERROR] Failed to load resource: net::ERR_CONNECTION_REFUSED @ http://localhost:3333/:0
[  957716ms] [ERROR] Failed to load resource: net::ERR_CONNECTION_REFUSED @ http://localhost:3333/:0
[  958718ms] [ERROR] Failed to load resource: net::ERR_CONNECTION_REFUSED @ http://localhost:3333/:0
[  959720ms] [ERROR] Failed to load resource: net::ERR_CONNECTION_REFUSED @ http://localhost:3333/:0
[  960723ms] [ERROR] Failed to load resource: net::ERR_CONNECTION_REFUSED @ http://localhost:3333/:0
[  961725ms] [ERROR] Failed to load resource: net::ERR_CONNECTION_REFUSED @ http://localhost:3333/:0
[  962727ms] [ERROR] Failed to load resource: net::ERR_CONNECTION_REFUSED @ http://localhost:3333/:0
[  963729ms] [ERROR] Failed to load resource: net::ERR_CONNECTION_REFUSED @ http://localhost:3333/:0
[  964731ms] [ERROR] Failed to load resource: net::ERR_CONNECTION_REFUSED @ http://localhost:3333/:0
[  965734ms] [ERROR] Failed to load resource: net::ERR_CONNECTION_REFUSED @ http://localhost:3333/:0
[  966736ms] [ERROR] Failed to load resource: net::ERR_CONNECTION_REFUSED @ http://localhost:3333/:0
[  967738ms] [ERROR] Failed to load resource: net::ERR_CONNECTION_REFUSED @ http://localhost:3333/:0
[  968740ms] [ERROR] Failed to load resource: net::ERR_CONNECTION_REFUSED @ http://localhost:3333/:0
[  969743ms] [ERROR] Failed to load resource: net::ERR_CONNECTION_REFUSED @ http://localhost:3333/:0
[  970745ms] [ERROR] Failed to load resource: net::ERR_CONNECTION_REFUSED @ http://localhost:3333/:0
[  971747ms] [ERROR] Failed to load resource: net::ERR_CONNECTION_REFUSED @ http://localhost:3333/:0
[  972749ms] [ERROR] Failed to load resource: net::ERR_CONNECTION_REFUSED @ http://localhost:3333/:0
[  973751ms] [ERROR] Failed to load resource: net::ERR_CONNECTION_REFUSED @ http://localhost:3333/:0
[  974754ms] [ERROR] Failed to load resource: net::ERR_CONNECTION_REFUSED @ http://localhost:3333/:0
[  975756ms] [ERROR] Failed to load resource: net::ERR_CONNECTION_REFUSED @ http://localhost:3333/:0
[  976758ms] [ERROR] Failed to load resource: net::ERR_CONNECTION_REFUSED @ http://localhost:3333/:0
[  977760ms] [ERROR] Failed to load resource: net::ERR_CONNECTION_REFUSED @ http://localhost:3333/:0
[  978762ms] [ERROR] Failed to load resource: net::ERR_CONNECTION_REFUSED @ http://localhost:3333/:0
[  979764ms] [ERROR] Failed to load resource: net::ERR_CONNECTION_REFUSED @ http://localhost:3333/:0
[  980768ms] [ERROR] Failed to load resource: net::ERR_CONNECTION_REFUSED @ http://localhost:3333/:0
[  981773ms] [ERROR] Failed to load resource: net::ERR_CONNECTION_REFUSED @ http://localhost:3333/:0
[  982779ms] [ERROR] Failed to load resource: net::ERR_CONNECTION_REFUSED @ http://localhost:3333/:0
[  983785ms] [ERROR] Failed to load resource: net::ERR_CONNECTION_REFUSED @ http://localhost:3333/:0
[  984789ms] [ERROR] Failed to load resource: net::ERR_CONNECTION_REFUSED @ http://localhost:3333/:0
[  985793ms] [ERROR] Failed to load resource: net::ERR_CONNECTION_REFUSED @ http://localhost:3333/:0
[  986798ms] [ERROR] Failed to load resource: net::ERR_CONNECTION_REFUSED @ http://localhost:3333/:0
[  987803ms] [ERROR] Failed to load resource: net::ERR_CONNECTION_REFUSED @ http://localhost:3333/:0
[  988807ms] [ERROR] Failed to load resource: net::ERR_CONNECTION_REFUSED @ http://localhost:3333/:0
[  989811ms] [ERROR] Failed to load resource: net::ERR_CONNECTION_REFUSED @ http://localhost:3333/:0
[  990816ms] [ERROR] Failed to load resource: net::ERR_CONNECTION_REFUSED @ http://localhost:3333/:0
[  991822ms] [ERROR] Failed to load resource: net::ERR_CONNECTION_REFUSED @ http://localhost:3333/:0
[  992829ms] [ERROR] Failed to load resource: net::ERR_CONNECTION_REFUSED @ http://localhost:3333/:0
[  993836ms] [ERROR] Failed to load resource: net::ERR_CONNECTION_REFUSED @ http://localhost:3333/:0
[  994842ms] [ERROR] Failed to load resource: net::ERR_CONNECTION_REFUSED @ http://localhost:3333/:0
[  995547ms] [ERROR] Failed to load resource: net::ERR_CONNECTION_REFUSED @ http://localhost:3333/version.json?t=1787796136041:0
[  995547ms] [ERROR] 檢查版本更新失敗: TypeError: Failed to fetch
    at checkForUpdates (http://localhost:3333/src/App.vue?t=1787795475431:148:32) @ http://localhost:3333/src/App.vue?t=1787795475431:185
[  995847ms] [ERROR] Failed to load resource: net::ERR_CONNECTION_REFUSED @ http://localhost:3333/:0
[  996853ms] [ERROR] Failed to load resource: net::ERR_CONNECTION_REFUSED @ http://localhost:3333/:0
[  997859ms] [ERROR] Failed to load resource: net::ERR_CONNECTION_REFUSED @ http://localhost:3333/:0
[  998865ms] [ERROR] Failed to load resource: net::ERR_CONNECTION_REFUSED @ http://localhost:3333/:0
[  999870ms] [ERROR] Failed to load resource: net::ERR_CONNECTION_REFUSED @ http://localhost:3333/:0
[ 1000874ms] [ERROR] Failed to load resource: net::ERR_CONNECTION_REFUSED @ http://localhost:3333/:0
[ 1001879ms] [ERROR] Failed to load resource: net::ERR_CONNECTION_REFUSED @ http://localhost:3333/:0
[ 1002883ms] [ERROR] Failed to load resource: net::ERR_CONNECTION_REFUSED @ http://localhost:3333/:0
[ 1003887ms] [ERROR] Failed to load resource: net::ERR_CONNECTION_REFUSED @ http://localhost:3333/:0
[ 1004891ms] [ERROR] Failed to load resource: net::ERR_CONNECTION_REFUSED @ http://localhost:3333/:0
[ 1005896ms] [ERROR] Failed to load resource: net::ERR_CONNECTION_REFUSED @ http://localhost:3333/:0
[ 1006900ms] [ERROR] Failed to load resource: net::ERR_CONNECTION_REFUSED @ http://localhost:3333/:0
[ 1007903ms] [ERROR] Failed to load resource: net::ERR_CONNECTION_REFUSED @ http://localhost:3333/:0
[ 1008908ms] [ERROR] Failed to load resource: net::ERR_CONNECTION_REFUSED @ http://localhost:3333/:0
[ 1009912ms] [ERROR] Failed to load resource: net::ERR_CONNECTION_REFUSED @ http://localhost:3333/:0
[ 1010918ms] [ERROR] Failed to load resource: net::ERR_CONNECTION_REFUSED @ http://localhost:3333/:0
[ 1011923ms] [ERROR] Failed to load resource: net::ERR_CONNECTION_REFUSED @ http://localhost:3333/:0
[ 1012929ms] [ERROR] Failed to load resource: net::ERR_CONNECTION_REFUSED @ http://localhost:3333/:0
[ 1013938ms] [ERROR] Failed to load resource: net::ERR_CONNECTION_REFUSED @ http://localhost:3333/:0
[ 1014942ms] [ERROR] Failed to load resource: net::ERR_CONNECTION_REFUSED @ http://localhost:3333/:0
[ 1015947ms] [ERROR] Failed to load resource: net::ERR_CONNECTION_REFUSED @ http://localhost:3333/:0
[ 1016952ms] [ERROR] Failed to load resource: net::ERR_CONNECTION_REFUSED @ http://localhost:3333/:0
[ 1017957ms] [ERROR] Failed to load resource: net::ERR_CONNECTION_REFUSED @ http://localhost:3333/:0
[ 1018962ms] [ERROR] Failed to load resource: net::ERR_CONNECTION_REFUSED @ http://localhost:3333/:0
[ 1019967ms] [ERROR] Failed to load resource: net::ERR_CONNECTION_REFUSED @ http://localhost:3333/:0
[ 1020973ms] [ERROR] Failed to load resource: net::ERR_CONNECTION_REFUSED @ http://localhost:3333/:0
[ 1021978ms] [ERROR] Failed to load resource: net::ERR_CONNECTION_REFUSED @ http://localhost:3333/:0
[ 1022982ms] [ERROR] Failed to load resource: net::ERR_CONNECTION_REFUSED @ http://localhost:3333/:0
[ 1023986ms] [ERROR] Failed to load resource: net::ERR_CONNECTION_REFUSED @ http://localhost:3333/:0
[ 1024991ms] [ERROR] Failed to load resource: net::ERR_CONNECTION_REFUSED @ http://localhost:3333/:0
[ 1025994ms] [ERROR] Failed to load resource: net::ERR_CONNECTION_REFUSED @ http://localhost:3333/:0
[ 1026997ms] [ERROR] Failed to load resource: net::ERR_CONNECTION_REFUSED @ http://localhost:3333/:0
[ 1028002ms] [ERROR] Failed to load resource: net::ERR_CONNECTION_REFUSED @ http://localhost:3333/:0
[ 1029008ms] [ERROR] Failed to load resource: net::ERR_CONNECTION_REFUSED @ http://localhost:3333/:0
[ 1030012ms] [ERROR] Failed to load resource: net::ERR_CONNECTION_REFUSED @ http://localhost:3333/:0
[ 1031017ms] [ERROR] Failed to load resource: net::ERR_CONNECTION_REFUSED @ http://localhost:3333/:0
[ 1032024ms] [ERROR] Failed to load resource: net::ERR_CONNECTION_REFUSED @ http://localhost:3333/:0
[ 1033029ms] [ERROR] Failed to load resource: net::ERR_CONNECTION_REFUSED @ http://localhost:3333/:0
[ 1034033ms] [ERROR] Failed to load resource: net::ERR_CONNECTION_REFUSED @ http://localhost:3333/:0
[ 1035036ms] [ERROR] Failed to load resource: net::ERR_CONNECTION_REFUSED @ http://localhost:3333/:0
[ 1036040ms] [ERROR] Failed to load resource: net::ERR_CONNECTION_REFUSED @ http://localhost:3333/:0
[ 1037045ms] [ERROR] Failed to load resource: net::ERR_CONNECTION_REFUSED @ http://localhost:3333/:0
[ 1038048ms] [ERROR] Failed to load resource: net::ERR_CONNECTION_REFUSED @ http://localhost:3333/:0
[ 1039054ms] [ERROR] Failed to load resource: net::ERR_CONNECTION_REFUSED @ http://localhost:3333/:0
[ 1040059ms] [ERROR] Failed to load resource: net::ERR_CONNECTION_REFUSED @ http://localhost:3333/:0
[ 1041062ms] [ERROR] Failed to load resource: net::ERR_CONNECTION_REFUSED @ http://localhost:3333/:0
[ 1042067ms] [ERROR] Failed to load resource: net::ERR_CONNECTION_REFUSED @ http://localhost:3333/:0
[ 1043070ms] [ERROR] Failed to load resource: net::ERR_CONNECTION_REFUSED @ http://localhost:3333/:0
[ 1044073ms] [ERROR] Failed to load resource: net::ERR_CONNECTION_REFUSED @ http://localhost:3333/:0
[ 1045076ms] [ERROR] Failed to load resource: net::ERR_CONNECTION_REFUSED @ http://localhost:3333/:0
[ 1046083ms] [ERROR] Failed to load resource: net::ERR_CONNECTION_REFUSED @ http://localhost:3333/:0
[ 1047088ms] [ERROR] Failed to load resource: net::ERR_CONNECTION_REFUSED @ http://localhost:3333/:0
[ 1048091ms] [ERROR] Failed to load resource: net::ERR_CONNECTION_REFUSED @ http://localhost:3333/:0
[ 1049096ms] [ERROR] Failed to load resource: net::ERR_CONNECTION_REFUSED @ http://localhost:3333/:0
[ 1050102ms] [ERROR] Failed to load resource: net::ERR_CONNECTION_REFUSED @ http://localhost:3333/:0
[ 1051107ms] [ERROR] Failed to load resource: net::ERR_CONNECTION_REFUSED @ http://localhost:3333/:0
[ 1052110ms] [ERROR] Failed to load resource: net::ERR_CONNECTION_REFUSED @ http://localhost:3333/:0
[ 1053113ms] [ERROR] Failed to load resource: net::ERR_CONNECTION_REFUSED @ http://localhost:3333/:0
[ 1054119ms] [ERROR] Failed to load resource: net::ERR_CONNECTION_REFUSED @ http://localhost:3333/:0
[ 1055125ms] [ERROR] Failed to load resource: net::ERR_CONNECTION_REFUSED @ http://localhost:3333/:0
[ 1055545ms] [ERROR] Failed to load resource: net::ERR_CONNECTION_REFUSED @ http://localhost:3333/version.json?t=1787796196040:0
[ 1055545ms] [ERROR] 檢查版本更新失敗: TypeError: Failed to fetch
    at checkForUpdates (http://localhost:3333/src/App.vue?t=1787795475431:148:32) @ http://localhost:3333/src/App.vue?t=1787795475431:185
[ 1056128ms] [ERROR] Failed to load resource: net::ERR_CONNECTION_REFUSED @ http://localhost:3333/:0
[ 1057132ms] [ERROR] Failed to load resource: net::ERR_CONNECTION_REFUSED @ http://localhost:3333/:0
[ 1058135ms] [ERROR] Failed to load resource: net::ERR_CONNECTION_REFUSED @ http://localhost:3333/:0
[ 1059139ms] [ERROR] Failed to load resource: net::ERR_CONNECTION_REFUSED @ http://localhost:3333/:0
[ 1060144ms] [ERROR] Failed to load resource: net::ERR_CONNECTION_REFUSED @ http://localhost:3333/:0
[ 1061147ms] [ERROR] Failed to load resource: net::ERR_CONNECTION_REFUSED @ http://localhost:3333/:0
[ 1062152ms] [ERROR] Failed to load resource: net::ERR_CONNECTION_REFUSED @ http://localhost:3333/:0
[ 1063153ms] [ERROR] Failed to load resource: net::ERR_CONNECTION_REFUSED @ http://localhost:3333/:0
[ 1064158ms] [ERROR] Failed to load resource: net::ERR_CONNECTION_REFUSED @ http://localhost:3333/:0
[ 1065161ms] [ERROR] Failed to load resource: net::ERR_CONNECTION_REFUSED @ http://localhost:3333/:0
[ 1066166ms] [ERROR] Failed to load resource: net::ERR_CONNECTION_REFUSED @ http://localhost:3333/:0
[ 1067171ms] [ERROR] Failed to load resource: net::ERR_CONNECTION_REFUSED @ http://localhost:3333/:0
[ 1068173ms] [ERROR] Failed to load resource: net::ERR_CONNECTION_REFUSED @ http://localhost:3333/:0
[ 1069179ms] [ERROR] Failed to load resource: net::ERR_CONNECTION_REFUSED @ http://localhost:3333/:0
[ 1070184ms] [ERROR] Failed to load resource: net::ERR_CONNECTION_REFUSED @ http://localhost:3333/:0
[ 1071189ms] [ERROR] Failed to load resource: net::ERR_CONNECTION_REFUSED @ http://localhost:3333/:0
[ 1072193ms] [ERROR] Failed to load resource: net::ERR_CONNECTION_REFUSED @ http://localhost:3333/:0
[ 1073196ms] [ERROR] Failed to load resource: net::ERR_CONNECTION_REFUSED @ http://localhost:3333/:0
[ 1074200ms] [ERROR] Failed to load resource: net::ERR_CONNECTION_REFUSED @ http://localhost:3333/:0
[ 1075206ms] [ERROR] Failed to load resource: net::ERR_CONNECTION_REFUSED @ http://localhost:3333/:0
[ 1076208ms] [ERROR] Failed to load resource: net::ERR_CONNECTION_REFUSED @ http://localhost:3333/:0
[ 1077212ms] [ERROR] Failed to load resource: net::ERR_CONNECTION_REFUSED @ http://localhost:3333/:0
[ 1078214ms] [ERROR] Failed to load resource: net::ERR_CONNECTION_REFUSED @ http://localhost:3333/:0
[ 1079218ms] [ERROR] Failed to load resource: net::ERR_CONNECTION_REFUSED @ http://localhost:3333/:0
[ 1080223ms] [ERROR] Failed to load resource: net::ERR_CONNECTION_REFUSED @ http://localhost:3333/:0
[ 1081227ms] [ERROR] Failed to load resource: net::ERR_CONNECTION_REFUSED @ http://localhost:3333/:0
[ 1082232ms] [ERROR] Failed to load resource: net::ERR_CONNECTION_REFUSED @ http://localhost:3333/:0
[ 1083234ms] [ERROR] Failed to load resource: net::ERR_CONNECTION_REFUSED @ http://localhost:3333/:0
[ 1084238ms] [ERROR] Failed to load resource: net::ERR_CONNECTION_REFUSED @ http://localhost:3333/:0
[ 1085242ms] [ERROR] Failed to load resource: net::ERR_CONNECTION_REFUSED @ http://localhost:3333/:0
[ 1086248ms] [ERROR] Failed to load resource: net::ERR_CONNECTION_REFUSED @ http://localhost:3333/:0
[ 1087249ms] [ERROR] Failed to load resource: net::ERR_CONNECTION_REFUSED @ http://localhost:3333/:0
[ 1088252ms] [ERROR] Failed to load resource: net::ERR_CONNECTION_REFUSED @ http://localhost:3333/:0
[ 1089256ms] [ERROR] Failed to load resource: net::ERR_CONNECTION_REFUSED @ http://localhost:3333/:0
[ 1090261ms] [ERROR] Failed to load resource: net::ERR_CONNECTION_REFUSED @ http://localhost:3333/:0
[ 1091266ms] [ERROR] Failed to load resource: net::ERR_CONNECTION_REFUSED @ http://localhost:3333/:0
[ 1092271ms] [ERROR] Failed to load resource: net::ERR_CONNECTION_REFUSED @ http://localhost:3333/:0
[ 1093274ms] [ERROR] Failed to load resource: net::ERR_CONNECTION_REFUSED @ http://localhost:3333/:0
[ 1094279ms] [ERROR] Failed to load resource: net::ERR_CONNECTION_REFUSED @ http://localhost:3333/:0
[ 1095284ms] [ERROR] Failed to load resource: net::ERR_CONNECTION_REFUSED @ http://localhost:3333/:0
[ 1096291ms] [ERROR] Failed to load resource: net::ERR_CONNECTION_REFUSED @ http://localhost:3333/:0
[ 1097296ms] [ERROR] Failed to load resource: net::ERR_CONNECTION_REFUSED @ http://localhost:3333/:0
[ 1098300ms] [ERROR] Failed to load resource: net::ERR_CONNECTION_REFUSED @ http://localhost:3333/:0
[ 1099305ms] [ERROR] Failed to load resource: net::ERR_CONNECTION_REFUSED @ http://localhost:3333/:0
[ 1100312ms] [ERROR] Failed to load resource: net::ERR_CONNECTION_REFUSED @ http://localhost:3333/:0
[ 1101317ms] [ERROR] Failed to load resource: net::ERR_CONNECTION_REFUSED @ http://localhost:3333/:0
[ 1102322ms] [ERROR] Failed to load resource: net::ERR_CONNECTION_REFUSED @ http://localhost:3333/:0
[ 1103326ms] [ERROR] Failed to load resource: net::ERR_CONNECTION_REFUSED @ http://localhost:3333/:0
[ 1104332ms] [ERROR] Failed to load resource: net::ERR_CONNECTION_REFUSED @ http://localhost:3333/:0
[ 1105337ms] [ERROR] Failed to load resource: net::ERR_CONNECTION_REFUSED @ http://localhost:3333/:0
[ 1106341ms] [ERROR] Failed to load resource: net::ERR_CONNECTION_REFUSED @ http://localhost:3333/:0
[ 1107346ms] [ERROR] Failed to load resource: net::ERR_CONNECTION_REFUSED @ http://localhost:3333/:0
[ 1108349ms] [ERROR] Failed to load resource: net::ERR_CONNECTION_REFUSED @ http://localhost:3333/:0
[ 1109355ms] [ERROR] Failed to load resource: net::ERR_CONNECTION_REFUSED @ http://localhost:3333/:0
[ 1110361ms] [ERROR] Failed to load resource: net::ERR_CONNECTION_REFUSED @ http://localhost:3333/:0
[ 1111366ms] [ERROR] Failed to load resource: net::ERR_CONNECTION_REFUSED @ http://localhost:3333/:0
[ 1112370ms] [ERROR] Failed to load resource: net::ERR_CONNECTION_REFUSED @ http://localhost:3333/:0
[ 1113374ms] [ERROR] Failed to load resource: net::ERR_CONNECTION_REFUSED @ http://localhost:3333/:0
[ 1114380ms] [ERROR] Failed to load resource: net::ERR_CONNECTION_REFUSED @ http://localhost:3333/:0
[ 1115385ms] [ERROR] Failed to load resource: net::ERR_CONNECTION_REFUSED @ http://localhost:3333/:0
[ 1115547ms] [ERROR] Failed to load resource: net::ERR_CONNECTION_REFUSED @ http://localhost:3333/version.json?t=1787796256041:0
[ 1115547ms] [ERROR] 檢查版本更新失敗: TypeError: Failed to fetch
    at checkForUpdates (http://localhost:3333/src/App.vue?t=1787795475431:148:32) @ http://localhost:3333/src/App.vue?t=1787795475431:185
[ 1116390ms] [ERROR] Failed to load resource: net::ERR_CONNECTION_REFUSED @ http://localhost:3333/:0
[ 1117393ms] [ERROR] Failed to load resource: net::ERR_CONNECTION_REFUSED @ http://localhost:3333/:0
[ 1118396ms] [ERROR] Failed to load resource: net::ERR_CONNECTION_REFUSED @ http://localhost:3333/:0
[ 1119400ms] [ERROR] Failed to load resource: net::ERR_CONNECTION_REFUSED @ http://localhost:3333/:0
[ 1120405ms] [ERROR] Failed to load resource: net::ERR_CONNECTION_REFUSED @ http://localhost:3333/:0
[ 1121410ms] [ERROR] Failed to load resource: net::ERR_CONNECTION_REFUSED @ http://localhost:3333/:0
[ 1122413ms] [ERROR] Failed to load resource: net::ERR_CONNECTION_REFUSED @ http://localhost:3333/:0
[ 1123416ms] [ERROR] Failed to load resource: net::ERR_CONNECTION_REFUSED @ http://localhost:3333/:0
[ 1124420ms] [ERROR] Failed to load resource: net::ERR_CONNECTION_REFUSED @ http://localhost:3333/:0
[ 1125424ms] [ERROR] Failed to load resource: net::ERR_CONNECTION_REFUSED @ http://localhost:3333/:0
[ 1126429ms] [ERROR] Failed to load resource: net::ERR_CONNECTION_REFUSED @ http://localhost:3333/:0
[ 1127434ms] [ERROR] Failed to load resource: net::ERR_CONNECTION_REFUSED @ http://localhost:3333/:0
[ 1128438ms] [ERROR] Failed to load resource: net::ERR_CONNECTION_REFUSED @ http://localhost:3333/:0
[ 1129442ms] [ERROR] Failed to load resource: net::ERR_CONNECTION_REFUSED @ http://localhost:3333/:0
[ 1130447ms] [ERROR] Failed to load resource: net::ERR_CONNECTION_REFUSED @ http://localhost:3333/:0
[ 1131453ms] [ERROR] Failed to load resource: net::ERR_CONNECTION_REFUSED @ http://localhost:3333/:0
[ 1132458ms] [ERROR] Failed to load resource: net::ERR_CONNECTION_REFUSED @ http://localhost:3333/:0
[ 1133461ms] [ERROR] Failed to load resource: net::ERR_CONNECTION_REFUSED @ http://localhost:3333/:0
[ 1134466ms] [ERROR] Failed to load resource: net::ERR_CONNECTION_REFUSED @ http://localhost:3333/:0
[ 1135469ms] [ERROR] Failed to load resource: net::ERR_CONNECTION_REFUSED @ http://localhost:3333/:0
[ 1136474ms] [ERROR] Failed to load resource: net::ERR_CONNECTION_REFUSED @ http://localhost:3333/:0
[ 1137480ms] [ERROR] Failed to load resource: net::ERR_CONNECTION_REFUSED @ http://localhost:3333/:0
[ 1138485ms] [ERROR] Failed to load resource: net::ERR_CONNECTION_REFUSED @ http://localhost:3333/:0
[ 1139490ms] [ERROR] Failed to load resource: net::ERR_CONNECTION_REFUSED @ http://localhost:3333/:0
[ 1140493ms] [ERROR] Failed to load resource: net::ERR_CONNECTION_REFUSED @ http://localhost:3333/:0
[ 1141499ms] [ERROR] Failed to load resource: net::ERR_CONNECTION_REFUSED @ http://localhost:3333/:0
[ 1142503ms] [ERROR] Failed to load resource: net::ERR_CONNECTION_REFUSED @ http://localhost:3333/:0
[ 1143507ms] [ERROR] Failed to load resource: net::ERR_CONNECTION_REFUSED @ http://localhost:3333/:0
[ 1144510ms] [ERROR] Failed to load resource: net::ERR_CONNECTION_REFUSED @ http://localhost:3333/:0
[ 1145515ms] [ERROR] Failed to load resource: net::ERR_CONNECTION_REFUSED @ http://localhost:3333/:0
[ 1146520ms] [ERROR] Failed to load resource: net::ERR_CONNECTION_REFUSED @ http://localhost:3333/:0
[ 1147524ms] [ERROR] Failed to load resource: net::ERR_CONNECTION_REFUSED @ http://localhost:3333/:0
[ 1148529ms] [ERROR] Failed to load resource: net::ERR_CONNECTION_REFUSED @ http://localhost:3333/:0
[ 1149534ms] [ERROR] Failed to load resource: net::ERR_CONNECTION_REFUSED @ http://localhost:3333/:0
[ 1150539ms] [ERROR] Failed to load resource: net::ERR_CONNECTION_REFUSED @ http://localhost:3333/:0
[ 1151546ms] [ERROR] Failed to load resource: net::ERR_CONNECTION_REFUSED @ http://localhost:3333/:0
[ 1152551ms] [ERROR] Failed to load resource: net::ERR_CONNECTION_REFUSED @ http://localhost:3333/:0
[ 1153554ms] [ERROR] Failed to load resource: net::ERR_CONNECTION_REFUSED @ http://localhost:3333/:0
[ 1154560ms] [ERROR] Failed to load resource: net::ERR_CONNECTION_REFUSED @ http://localhost:3333/:0
[ 1155566ms] [ERROR] Failed to load resource: net::ERR_CONNECTION_REFUSED @ http://localhost:3333/:0
[ 1156570ms] [ERROR] Failed to load resource: net::ERR_CONNECTION_REFUSED @ http://localhost:3333/:0
[ 1157574ms] [ERROR] Failed to load resource: net::ERR_CONNECTION_REFUSED @ http://localhost:3333/:0
[ 1158578ms] [ERROR] Failed to load resource: net::ERR_CONNECTION_REFUSED @ http://localhost:3333/:0
[ 1159581ms] [ERROR] Failed to load resource: net::ERR_CONNECTION_REFUSED @ http://localhost:3333/:0
[ 1160587ms] [ERROR] Failed to load resource: net::ERR_CONNECTION_REFUSED @ http://localhost:3333/:0
[ 1161592ms] [ERROR] Failed to load resource: net::ERR_CONNECTION_REFUSED @ http://localhost:3333/:0
[ 1162598ms] [ERROR] Failed to load resource: net::ERR_CONNECTION_REFUSED @ http://localhost:3333/:0
[ 1163602ms] [ERROR] Failed to load resource: net::ERR_CONNECTION_REFUSED @ http://localhost:3333/:0
[ 1164609ms] [ERROR] Failed to load resource: net::ERR_CONNECTION_REFUSED @ http://localhost:3333/:0
[ 1165613ms] [ERROR] Failed to load resource: net::ERR_CONNECTION_REFUSED @ http://localhost:3333/:0
[ 1166617ms] [ERROR] Failed to load resource: net::ERR_CONNECTION_REFUSED @ http://localhost:3333/:0
[ 1167622ms] [ERROR] Failed to load resource: net::ERR_CONNECTION_REFUSED @ http://localhost:3333/:0
[ 1168627ms] [ERROR] Failed to load resource: net::ERR_CONNECTION_REFUSED @ http://localhost:3333/:0
[ 1169632ms] [ERROR] Failed to load resource: net::ERR_CONNECTION_REFUSED @ http://localhost:3333/:0
[ 1170638ms] [ERROR] Failed to load resource: net::ERR_CONNECTION_REFUSED @ http://localhost:3333/:0
[ 1171645ms] [ERROR] Failed to load resource: net::ERR_CONNECTION_REFUSED @ http://localhost:3333/:0
[ 1172651ms] [ERROR] Failed to load resource: net::ERR_CONNECTION_REFUSED @ http://localhost:3333/:0
[ 1173658ms] [ERROR] Failed to load resource: net::ERR_CONNECTION_REFUSED @ http://localhost:3333/:0
[ 1174663ms] [ERROR] Failed to load resource: net::ERR_CONNECTION_REFUSED @ http://localhost:3333/:0
[ 1175545ms] [ERROR] Failed to load resource: net::ERR_CONNECTION_REFUSED @ http://localhost:3333/version.json?t=1787796316041:0
[ 1175546ms] [ERROR] 檢查版本更新失敗: TypeError: Failed to fetch
    at checkForUpdates (http://localhost:3333/src/App.vue?t=1787795475431:148:32) @ http://localhost:3333/src/App.vue?t=1787795475431:185
[ 1175666ms] [ERROR] Failed to load resource: net::ERR_CONNECTION_REFUSED @ http://localhost:3333/:0
[ 1176670ms] [ERROR] Failed to load resource: net::ERR_CONNECTION_REFUSED @ http://localhost:3333/:0
[ 1177676ms] [ERROR] Failed to load resource: net::ERR_CONNECTION_REFUSED @ http://localhost:3333/:0
[ 1178682ms] [ERROR] Failed to load resource: net::ERR_CONNECTION_REFUSED @ http://localhost:3333/:0
[ 1179687ms] [ERROR] Failed to load resource: net::ERR_CONNECTION_REFUSED @ http://localhost:3333/:0
[ 1180692ms] [ERROR] Failed to load resource: net::ERR_CONNECTION_REFUSED @ http://localhost:3333/:0
[ 1181696ms] [ERROR] Failed to load resource: net::ERR_CONNECTION_REFUSED @ http://localhost:3333/:0
[ 1182699ms] [ERROR] Failed to load resource: net::ERR_CONNECTION_REFUSED @ http://localhost:3333/:0
[ 1183704ms] [ERROR] Failed to load resource: net::ERR_CONNECTION_REFUSED @ http://localhost:3333/:0
[ 1184709ms] [ERROR] Failed to load resource: net::ERR_CONNECTION_REFUSED @ http://localhost:3333/:0
[ 1185714ms] [ERROR] Failed to load resource: net::ERR_CONNECTION_REFUSED @ http://localhost:3333/:0
[ 1186718ms] [ERROR] Failed to load resource: net::ERR_CONNECTION_REFUSED @ http://localhost:3333/:0
[ 1187723ms] [ERROR] Failed to load resource: net::ERR_CONNECTION_REFUSED @ http://localhost:3333/:0
[ 1188728ms] [ERROR] Failed to load resource: net::ERR_CONNECTION_REFUSED @ http://localhost:3333/:0
[ 1189734ms] [ERROR] Failed to load resource: net::ERR_CONNECTION_REFUSED @ http://localhost:3333/:0
[ 1190740ms] [ERROR] Failed to load resource: net::ERR_CONNECTION_REFUSED @ http://localhost:3333/:0
[ 1191744ms] [ERROR] Failed to load resource: net::ERR_CONNECTION_REFUSED @ http://localhost:3333/:0
[ 1192750ms] [ERROR] Failed to load resource: net::ERR_CONNECTION_REFUSED @ http://localhost:3333/:0
[ 1193757ms] [ERROR] Failed to load resource: net::ERR_CONNECTION_REFUSED @ http://localhost:3333/:0
[ 1194761ms] [ERROR] Failed to load resource: net::ERR_CONNECTION_REFUSED @ http://localhost:3333/:0
[ 1195766ms] [ERROR] Failed to load resource: net::ERR_CONNECTION_REFUSED @ http://localhost:3333/:0
[ 1196771ms] [ERROR] Failed to load resource: net::ERR_CONNECTION_REFUSED @ http://localhost:3333/:0
[ 1197777ms] [ERROR] Failed to load resource: net::ERR_CONNECTION_REFUSED @ http://localhost:3333/:0
[ 1198783ms] [ERROR] Failed to load resource: net::ERR_CONNECTION_REFUSED @ http://localhost:3333/:0
[ 1199789ms] [ERROR] Failed to load resource: net::ERR_CONNECTION_REFUSED @ http://localhost:3333/:0
[ 1200795ms] [ERROR] Failed to load resource: net::ERR_CONNECTION_REFUSED @ http://localhost:3333/:0
[ 1201801ms] [ERROR] Failed to load resource: net::ERR_CONNECTION_REFUSED @ http://localhost:3333/:0
[ 1202817ms] [ERROR] Failed to load resource: net::ERR_CONNECTION_REFUSED @ http://localhost:3333/:0
[ 1203822ms] [ERROR] Failed to load resource: net::ERR_CONNECTION_REFUSED @ http://localhost:3333/:0
[ 1204827ms] [ERROR] Failed to load resource: net::ERR_CONNECTION_REFUSED @ http://localhost:3333/:0
[ 1205832ms] [ERROR] Failed to load resource: net::ERR_CONNECTION_REFUSED @ http://localhost:3333/:0
[ 1206836ms] [ERROR] Failed to load resource: net::ERR_CONNECTION_REFUSED @ http://localhost:3333/:0
[ 1207842ms] [ERROR] Failed to load resource: net::ERR_CONNECTION_REFUSED @ http://localhost:3333/:0
[ 1208848ms] [ERROR] Failed to load resource: net::ERR_CONNECTION_REFUSED @ http://localhost:3333/:0
[ 1209853ms] [ERROR] Failed to load resource: net::ERR_CONNECTION_REFUSED @ http://localhost:3333/:0
[ 1210859ms] [ERROR] Failed to load resource: net::ERR_CONNECTION_REFUSED @ http://localhost:3333/:0
[ 1211863ms] [ERROR] Failed to load resource: net::ERR_CONNECTION_REFUSED @ http://localhost:3333/:0
[ 1212866ms] [ERROR] Failed to load resource: net::ERR_CONNECTION_REFUSED @ http://localhost:3333/:0
[ 1213871ms] [ERROR] Failed to load resource: net::ERR_CONNECTION_REFUSED @ http://localhost:3333/:0
[ 1214877ms] [ERROR] Failed to load resource: net::ERR_CONNECTION_REFUSED @ http://localhost:3333/:0
[ 1215882ms] [ERROR] Failed to load resource: net::ERR_CONNECTION_REFUSED @ http://localhost:3333/:0
[ 1216888ms] [ERROR] Failed to load resource: net::ERR_CONNECTION_REFUSED @ http://localhost:3333/:0
[ 1217891ms] [ERROR] Failed to load resource: net::ERR_CONNECTION_REFUSED @ http://localhost:3333/:0
[ 1218894ms] [ERROR] Failed to load resource: net::ERR_CONNECTION_REFUSED @ http://localhost:3333/:0
[ 1219899ms] [ERROR] Failed to load resource: net::ERR_CONNECTION_REFUSED @ http://localhost:3333/:0
[ 1220902ms] [ERROR] Failed to load resource: net::ERR_CONNECTION_REFUSED @ http://localhost:3333/:0
[ 1221905ms] [ERROR] Failed to load resource: net::ERR_CONNECTION_REFUSED @ http://localhost:3333/:0
[ 1222910ms] [ERROR] Failed to load resource: net::ERR_CONNECTION_REFUSED @ http://localhost:3333/:0
[ 1223916ms] [ERROR] Failed to load resource: net::ERR_CONNECTION_REFUSED @ http://localhost:3333/:0
[ 1224922ms] [ERROR] Failed to load resource: net::ERR_CONNECTION_REFUSED @ http://localhost:3333/:0
[ 1225927ms] [ERROR] Failed to load resource: net::ERR_CONNECTION_REFUSED @ http://localhost:3333/:0
[ 1226932ms] [ERROR] Failed to load resource: net::ERR_CONNECTION_REFUSED @ http://localhost:3333/:0
[ 1227936ms] [ERROR] Failed to load resource: net::ERR_CONNECTION_REFUSED @ http://localhost:3333/:0
[ 1228940ms] [ERROR] Failed to load resource: net::ERR_CONNECTION_REFUSED @ http://localhost:3333/:0
[ 1229945ms] [ERROR] Failed to load resource: net::ERR_CONNECTION_REFUSED @ http://localhost:3333/:0
[ 1230951ms] [ERROR] Failed to load resource: net::ERR_CONNECTION_REFUSED @ http://localhost:3333/:0
[ 1231955ms] [ERROR] Failed to load resource: net::ERR_CONNECTION_REFUSED @ http://localhost:3333/:0
[ 1232960ms] [ERROR] Failed to load resource: net::ERR_CONNECTION_REFUSED @ http://localhost:3333/:0
[ 1233965ms] [ERROR] Failed to load resource: net::ERR_CONNECTION_REFUSED @ http://localhost:3333/:0
[ 1234970ms] [ERROR] Failed to load resource: net::ERR_CONNECTION_REFUSED @ http://localhost:3333/:0
[ 1235545ms] [ERROR] Failed to load resource: net::ERR_CONNECTION_REFUSED @ http://localhost:3333/version.json?t=1787796376041:0
[ 1235546ms] [ERROR] 檢查版本更新失敗: TypeError: Failed to fetch
    at checkForUpdates (http://localhost:3333/src/App.vue?t=1787795475431:148:32) @ http://localhost:3333/src/App.vue?t=1787795475431:185
[ 1235972ms] [ERROR] Failed to load resource: net::ERR_CONNECTION_REFUSED @ http://localhost:3333/:0
[ 1236975ms] [ERROR] Failed to load resource: net::ERR_CONNECTION_REFUSED @ http://localhost:3333/:0
[ 1237980ms] [ERROR] Failed to load resource: net::ERR_CONNECTION_REFUSED @ http://localhost:3333/:0
[ 1238983ms] [ERROR] Failed to load resource: net::ERR_CONNECTION_REFUSED @ http://localhost:3333/:0
[ 1239988ms] [ERROR] Failed to load resource: net::ERR_CONNECTION_REFUSED @ http://localhost:3333/:0
[ 1240992ms] [ERROR] Failed to load resource: net::ERR_CONNECTION_REFUSED @ http://localhost:3333/:0
[ 1241998ms] [ERROR] Failed to load resource: net::ERR_CONNECTION_REFUSED @ http://localhost:3333/:0
[ 1243001ms] [ERROR] Failed to load resource: net::ERR_CONNECTION_REFUSED @ http://localhost:3333/:0
[ 1244005ms] [ERROR] Failed to load resource: net::ERR_CONNECTION_REFUSED @ http://localhost:3333/:0
[ 1245009ms] [ERROR] Failed to load resource: net::ERR_CONNECTION_REFUSED @ http://localhost:3333/:0
[ 1246012ms] [ERROR] Failed to load resource: net::ERR_CONNECTION_REFUSED @ http://localhost:3333/:0
[ 1247015ms] [ERROR] Failed to load resource: net::ERR_CONNECTION_REFUSED @ http://localhost:3333/:0
[ 1248020ms] [ERROR] Failed to load resource: net::ERR_CONNECTION_REFUSED @ http://localhost:3333/:0
[ 1249024ms] [ERROR] Failed to load resource: net::ERR_CONNECTION_REFUSED @ http://localhost:3333/:0
[ 1250028ms] [ERROR] Failed to load resource: net::ERR_CONNECTION_REFUSED @ http://localhost:3333/:0
[ 1251032ms] [ERROR] Failed to load resource: net::ERR_CONNECTION_REFUSED @ http://localhost:3333/:0
[ 1252037ms] [ERROR] Failed to load resource: net::ERR_CONNECTION_REFUSED @ http://localhost:3333/:0
[ 1253042ms] [ERROR] Failed to load resource: net::ERR_CONNECTION_REFUSED @ http://localhost:3333/:0
[ 1254047ms] [ERROR] Failed to load resource: net::ERR_CONNECTION_REFUSED @ http://localhost:3333/:0
[ 1255051ms] [ERROR] Failed to load resource: net::ERR_CONNECTION_REFUSED @ http://localhost:3333/:0
[ 1256055ms] [ERROR] Failed to load resource: net::ERR_CONNECTION_REFUSED @ http://localhost:3333/:0
[ 1257059ms] [ERROR] Failed to load resource: net::ERR_CONNECTION_REFUSED @ http://localhost:3333/:0
[ 1258061ms] [ERROR] Failed to load resource: net::ERR_CONNECTION_REFUSED @ http://localhost:3333/:0
[ 1259072ms] [ERROR] Failed to load resource: net::ERR_CONNECTION_REFUSED @ http://localhost:3333/:0
[ 1260078ms] [ERROR] Failed to load resource: net::ERR_CONNECTION_REFUSED @ http://localhost:3333/:0
[ 1261081ms] [ERROR] Failed to load resource: net::ERR_CONNECTION_REFUSED @ http://localhost:3333/:0
[ 1262086ms] [ERROR] Failed to load resource: net::ERR_CONNECTION_REFUSED @ http://localhost:3333/:0
[ 1263089ms] [ERROR] Failed to load resource: net::ERR_CONNECTION_REFUSED @ http://localhost:3333/:0
[ 1264093ms] [ERROR] Failed to load resource: net::ERR_CONNECTION_REFUSED @ http://localhost:3333/:0
[ 1265095ms] [ERROR] Failed to load resource: net::ERR_CONNECTION_REFUSED @ http://localhost:3333/:0
[ 1266099ms] [ERROR] Failed to load resource: net::ERR_CONNECTION_REFUSED @ http://localhost:3333/:0
[ 1267105ms] [ERROR] Failed to load resource: net::ERR_CONNECTION_REFUSED @ http://localhost:3333/:0
[ 1268107ms] [ERROR] Failed to load resource: net::ERR_CONNECTION_REFUSED @ http://localhost:3333/:0
[ 1269111ms] [ERROR] Failed to load resource: net::ERR_CONNECTION_REFUSED @ http://localhost:3333/:0
[ 1270116ms] [ERROR] Failed to load resource: net::ERR_CONNECTION_REFUSED @ http://localhost:3333/:0
[ 1271120ms] [ERROR] Failed to load resource: net::ERR_CONNECTION_REFUSED @ http://localhost:3333/:0
[ 1272123ms] [ERROR] Failed to load resource: net::ERR_CONNECTION_REFUSED @ http://localhost:3333/:0
[ 1273126ms] [ERROR] Failed to load resource: net::ERR_CONNECTION_REFUSED @ http://localhost:3333/:0
[ 1274131ms] [ERROR] Failed to load resource: net::ERR_CONNECTION_REFUSED @ http://localhost:3333/:0
[ 1275136ms] [ERROR] Failed to load resource: net::ERR_CONNECTION_REFUSED @ http://localhost:3333/:0
[ 1276143ms] [ERROR] Failed to load resource: net::ERR_CONNECTION_REFUSED @ http://localhost:3333/:0
[ 1277146ms] [ERROR] Failed to load resource: net::ERR_CONNECTION_REFUSED @ http://localhost:3333/:0
[ 1278149ms] [ERROR] Failed to load resource: net::ERR_CONNECTION_REFUSED @ http://localhost:3333/:0
[ 1279152ms] [ERROR] Failed to load resource: net::ERR_CONNECTION_REFUSED @ http://localhost:3333/:0
[ 1280157ms] [ERROR] Failed to load resource: net::ERR_CONNECTION_REFUSED @ http://localhost:3333/:0
[ 1281160ms] [ERROR] Failed to load resource: net::ERR_CONNECTION_REFUSED @ http://localhost:3333/:0
[ 1282164ms] [ERROR] Failed to load resource: net::ERR_CONNECTION_REFUSED @ http://localhost:3333/:0
[ 1283166ms] [ERROR] Failed to load resource: net::ERR_CONNECTION_REFUSED @ http://localhost:3333/:0
[ 1284171ms] [ERROR] Failed to load resource: net::ERR_CONNECTION_REFUSED @ http://localhost:3333/:0
[ 1285175ms] [ERROR] Failed to load resource: net::ERR_CONNECTION_REFUSED @ http://localhost:3333/:0
[ 1286179ms] [ERROR] Failed to load resource: net::ERR_CONNECTION_REFUSED @ http://localhost:3333/:0
[ 1287183ms] [ERROR] Failed to load resource: net::ERR_CONNECTION_REFUSED @ http://localhost:3333/:0
[ 1288186ms] [ERROR] Failed to load resource: net::ERR_CONNECTION_REFUSED @ http://localhost:3333/:0
[ 1289189ms] [ERROR] Failed to load resource: net::ERR_CONNECTION_REFUSED @ http://localhost:3333/:0
[ 1290193ms] [ERROR] Failed to load resource: net::ERR_CONNECTION_REFUSED @ http://localhost:3333/:0
[ 1291197ms] [ERROR] Failed to load resource: net::ERR_CONNECTION_REFUSED @ http://localhost:3333/:0
[ 1292200ms] [ERROR] Failed to load resource: net::ERR_CONNECTION_REFUSED @ http://localhost:3333/:0
[ 1293201ms] [ERROR] Failed to load resource: net::ERR_CONNECTION_REFUSED @ http://localhost:3333/:0
[ 1294204ms] [ERROR] Failed to load resource: net::ERR_CONNECTION_REFUSED @ http://localhost:3333/:0
[ 1295208ms] [ERROR] Failed to load resource: net::ERR_CONNECTION_REFUSED @ http://localhost:3333/:0
[ 1295545ms] [ERROR] Failed to load resource: net::ERR_CONNECTION_REFUSED @ http://localhost:3333/version.json?t=1787796436041:0
[ 1295545ms] [ERROR] 檢查版本更新失敗: TypeError: Failed to fetch
    at checkForUpdates (http://localhost:3333/src/App.vue?t=1787795475431:148:32) @ http://localhost:3333/src/App.vue?t=1787795475431:185
[ 1296210ms] [ERROR] Failed to load resource: net::ERR_CONNECTION_REFUSED @ http://localhost:3333/:0
[ 1297214ms] [ERROR] Failed to load resource: net::ERR_CONNECTION_REFUSED @ http://localhost:3333/:0
[ 1298217ms] [ERROR] Failed to load resource: net::ERR_CONNECTION_REFUSED @ http://localhost:3333/:0
[ 1299227ms] [ERROR] Failed to load resource: net::ERR_CONNECTION_REFUSED @ http://localhost:3333/:0
[ 1300230ms] [ERROR] Failed to load resource: net::ERR_CONNECTION_REFUSED @ http://localhost:3333/:0
[ 1301232ms] [ERROR] Failed to load resource: net::ERR_CONNECTION_REFUSED @ http://localhost:3333/:0
[ 1302237ms] [ERROR] Failed to load resource: net::ERR_CONNECTION_REFUSED @ http://localhost:3333/:0
[ 1303239ms] [ERROR] Failed to load resource: net::ERR_CONNECTION_REFUSED @ http://localhost:3333/:0
[ 1304243ms] [ERROR] Failed to load resource: net::ERR_CONNECTION_REFUSED @ http://localhost:3333/:0
[ 1305247ms] [ERROR] Failed to load resource: net::ERR_CONNECTION_REFUSED @ http://localhost:3333/:0
[ 1306250ms] [ERROR] Failed to load resource: net::ERR_CONNECTION_REFUSED @ http://localhost:3333/:0
[ 1307253ms] [ERROR] Failed to load resource: net::ERR_CONNECTION_REFUSED @ http://localhost:3333/:0
[ 1308259ms] [ERROR] Failed to load resource: net::ERR_CONNECTION_REFUSED @ http://localhost:3333/:0
[ 1309261ms] [ERROR] Failed to load resource: net::ERR_CONNECTION_REFUSED @ http://localhost:3333/:0
[ 1310264ms] [ERROR] Failed to load resource: net::ERR_CONNECTION_REFUSED @ http://localhost:3333/:0
[ 1311268ms] [ERROR] Failed to load resource: net::ERR_CONNECTION_REFUSED @ http://localhost:3333/:0
[ 1312271ms] [ERROR] Failed to load resource: net::ERR_CONNECTION_REFUSED @ http://localhost:3333/:0
[ 1313274ms] [ERROR] Failed to load resource: net::ERR_CONNECTION_REFUSED @ http://localhost:3333/:0
[ 1314287ms] [ERROR] Failed to load resource: net::ERR_CONNECTION_REFUSED @ http://localhost:3333/:0
[ 1315293ms] [ERROR] Failed to load resource: net::ERR_CONNECTION_REFUSED @ http://localhost:3333/:0
[ 1316298ms] [ERROR] Failed to load resource: net::ERR_CONNECTION_REFUSED @ http://localhost:3333/:0
[ 1317302ms] [ERROR] Failed to load resource: net::ERR_CONNECTION_REFUSED @ http://localhost:3333/:0
[ 1318304ms] [ERROR] Failed to load resource: net::ERR_CONNECTION_REFUSED @ http://localhost:3333/:0
[ 1319307ms] [ERROR] Failed to load resource: net::ERR_CONNECTION_REFUSED @ http://localhost:3333/:0
[ 1320312ms] [ERROR] Failed to load resource: net::ERR_CONNECTION_REFUSED @ http://localhost:3333/:0
[ 1321316ms] [ERROR] Failed to load resource: net::ERR_CONNECTION_REFUSED @ http://localhost:3333/:0
[ 1322319ms] [ERROR] Failed to load resource: net::ERR_CONNECTION_REFUSED @ http://localhost:3333/:0
[ 1323322ms] [ERROR] Failed to load resource: net::ERR_CONNECTION_REFUSED @ http://localhost:3333/:0
[ 1324326ms] [ERROR] Failed to load resource: net::ERR_CONNECTION_REFUSED @ http://localhost:3333/:0
[ 1325330ms] [ERROR] Failed to load resource: net::ERR_CONNECTION_REFUSED @ http://localhost:3333/:0
[ 1326339ms] [ERROR] Failed to load resource: net::ERR_CONNECTION_REFUSED @ http://localhost:3333/:0
[ 1327343ms] [ERROR] Failed to load resource: net::ERR_CONNECTION_REFUSED @ http://localhost:3333/:0
[ 1328345ms] [ERROR] Failed to load resource: net::ERR_CONNECTION_REFUSED @ http://localhost:3333/:0
[ 1329348ms] [ERROR] Failed to load resource: net::ERR_CONNECTION_REFUSED @ http://localhost:3333/:0
[ 1330350ms] [ERROR] Failed to load resource: net::ERR_CONNECTION_REFUSED @ http://localhost:3333/:0
[ 1331353ms] [ERROR] Failed to load resource: net::ERR_CONNECTION_REFUSED @ http://localhost:3333/:0
[ 1332358ms] [ERROR] Failed to load resource: net::ERR_CONNECTION_REFUSED @ http://localhost:3333/:0
[ 1333360ms] [ERROR] Failed to load resource: net::ERR_CONNECTION_REFUSED @ http://localhost:3333/:0
[ 1334363ms] [ERROR] Failed to load resource: net::ERR_CONNECTION_REFUSED @ http://localhost:3333/:0
[ 1335365ms] [ERROR] Failed to load resource: net::ERR_CONNECTION_REFUSED @ http://localhost:3333/:0
[ 1336368ms] [ERROR] Failed to load resource: net::ERR_CONNECTION_REFUSED @ http://localhost:3333/:0
[ 1337372ms] [ERROR] Failed to load resource: net::ERR_CONNECTION_REFUSED @ http://localhost:3333/:0
[ 1338375ms] [ERROR] Failed to load resource: net::ERR_CONNECTION_REFUSED @ http://localhost:3333/:0
[ 1339378ms] [ERROR] Failed to load resource: net::ERR_CONNECTION_REFUSED @ http://localhost:3333/:0
[ 1340381ms] [ERROR] Failed to load resource: net::ERR_CONNECTION_REFUSED @ http://localhost:3333/:0
[ 1341384ms] [ERROR] Failed to load resource: net::ERR_CONNECTION_REFUSED @ http://localhost:3333/:0
[ 1342388ms] [ERROR] Failed to load resource: net::ERR_CONNECTION_REFUSED @ http://localhost:3333/:0
[ 1343391ms] [ERROR] Failed to load resource: net::ERR_CONNECTION_REFUSED @ http://localhost:3333/:0
[ 1344394ms] [ERROR] Failed to load resource: net::ERR_CONNECTION_REFUSED @ http://localhost:3333/:0
[ 1345398ms] [ERROR] Failed to load resource: net::ERR_CONNECTION_REFUSED @ http://localhost:3333/:0
[ 1346401ms] [ERROR] Failed to load resource: net::ERR_CONNECTION_REFUSED @ http://localhost:3333/:0
[ 1347406ms] [ERROR] Failed to load resource: net::ERR_CONNECTION_REFUSED @ http://localhost:3333/:0
[ 1348409ms] [ERROR] Failed to load resource: net::ERR_CONNECTION_REFUSED @ http://localhost:3333/:0
[ 1349412ms] [ERROR] Failed to load resource: net::ERR_CONNECTION_REFUSED @ http://localhost:3333/:0
[ 1350416ms] [ERROR] Failed to load resource: net::ERR_CONNECTION_REFUSED @ http://localhost:3333/:0
[ 1351420ms] [ERROR] Failed to load resource: net::ERR_CONNECTION_REFUSED @ http://localhost:3333/:0
[ 1352426ms] [ERROR] Failed to load resource: net::ERR_CONNECTION_REFUSED @ http://localhost:3333/:0
[ 1353429ms] [ERROR] Failed to load resource: net::ERR_CONNECTION_REFUSED @ http://localhost:3333/:0
[ 1354433ms] [ERROR] Failed to load resource: net::ERR_CONNECTION_REFUSED @ http://localhost:3333/:0
[ 1355437ms] [ERROR] Failed to load resource: net::ERR_CONNECTION_REFUSED @ http://localhost:3333/:0
[ 1355544ms] [ERROR] Failed to load resource: net::ERR_CONNECTION_REFUSED @ http://localhost:3333/version.json?t=1787796496040:0
[ 1355544ms] [ERROR] 檢查版本更新失敗: TypeError: Failed to fetch
    at checkForUpdates (http://localhost:3333/src/App.vue?t=1787795475431:148:32) @ http://localhost:3333/src/App.vue?t=1787795475431:185
[ 1356440ms] [ERROR] Failed to load resource: net::ERR_CONNECTION_REFUSED @ http://localhost:3333/:0
[ 1357443ms] [ERROR] Failed to load resource: net::ERR_CONNECTION_REFUSED @ http://localhost:3333/:0
[ 1358446ms] [ERROR] Failed to load resource: net::ERR_CONNECTION_REFUSED @ http://localhost:3333/:0
[ 1359449ms] [ERROR] Failed to load resource: net::ERR_CONNECTION_REFUSED @ http://localhost:3333/:0
[ 1360454ms] [ERROR] Failed to load resource: net::ERR_CONNECTION_REFUSED @ http://localhost:3333/:0
[ 1361457ms] [ERROR] Failed to load resource: net::ERR_CONNECTION_REFUSED @ http://localhost:3333/:0
[ 1362461ms] [ERROR] Failed to load resource: net::ERR_CONNECTION_REFUSED @ http://localhost:3333/:0
[ 1363464ms] [ERROR] Failed to load resource: net::ERR_CONNECTION_REFUSED @ http://localhost:3333/:0
[ 1364469ms] [ERROR] Failed to load resource: net::ERR_CONNECTION_REFUSED @ http://localhost:3333/:0
[ 1365473ms] [ERROR] Failed to load resource: net::ERR_CONNECTION_REFUSED @ http://localhost:3333/:0
[ 1366477ms] [ERROR] Failed to load resource: net::ERR_CONNECTION_REFUSED @ http://localhost:3333/:0
[ 1367482ms] [ERROR] Failed to load resource: net::ERR_CONNECTION_REFUSED @ http://localhost:3333/:0
[ 1368485ms] [ERROR] Failed to load resource: net::ERR_CONNECTION_REFUSED @ http://localhost:3333/:0
[ 1369489ms] [ERROR] Failed to load resource: net::ERR_CONNECTION_REFUSED @ http://localhost:3333/:0
[ 1370494ms] [ERROR] Failed to load resource: net::ERR_CONNECTION_REFUSED @ http://localhost:3333/:0
[ 1371499ms] [ERROR] Failed to load resource: net::ERR_CONNECTION_REFUSED @ http://localhost:3333/:0
[ 1372502ms] [ERROR] Failed to load resource: net::ERR_CONNECTION_REFUSED @ http://localhost:3333/:0
[ 1373506ms] [ERROR] Failed to load resource: net::ERR_CONNECTION_REFUSED @ http://localhost:3333/:0
[ 1374509ms] [ERROR] Failed to load resource: net::ERR_CONNECTION_REFUSED @ http://localhost:3333/:0
[ 1375513ms] [ERROR] Failed to load resource: net::ERR_CONNECTION_REFUSED @ http://localhost:3333/:0
[ 1376517ms] [ERROR] Failed to load resource: net::ERR_CONNECTION_REFUSED @ http://localhost:3333/:0
[ 1377521ms] [ERROR] Failed to load resource: net::ERR_CONNECTION_REFUSED @ http://localhost:3333/:0
[ 1378525ms] [ERROR] Failed to load resource: net::ERR_CONNECTION_REFUSED @ http://localhost:3333/:0
[ 1379528ms] [ERROR] Failed to load resource: net::ERR_CONNECTION_REFUSED @ http://localhost:3333/:0
[ 1380531ms] [ERROR] Failed to load resource: net::ERR_CONNECTION_REFUSED @ http://localhost:3333/:0
[ 1381535ms] [ERROR] Failed to load resource: net::ERR_CONNECTION_REFUSED @ http://localhost:3333/:0
[ 1382539ms] [ERROR] Failed to load resource: net::ERR_CONNECTION_REFUSED @ http://localhost:3333/:0
[ 1383543ms] [ERROR] Failed to load resource: net::ERR_CONNECTION_REFUSED @ http://localhost:3333/:0
[ 1384548ms] [ERROR] Failed to load resource: net::ERR_CONNECTION_REFUSED @ http://localhost:3333/:0
[ 1385551ms] [ERROR] Failed to load resource: net::ERR_CONNECTION_REFUSED @ http://localhost:3333/:0
[ 1386554ms] [ERROR] Failed to load resource: net::ERR_CONNECTION_REFUSED @ http://localhost:3333/:0
[ 1387558ms] [ERROR] Failed to load resource: net::ERR_CONNECTION_REFUSED @ http://localhost:3333/:0
[ 1388561ms] [ERROR] Failed to load resource: net::ERR_CONNECTION_REFUSED @ http://localhost:3333/:0
[ 1389566ms] [ERROR] Failed to load resource: net::ERR_CONNECTION_REFUSED @ http://localhost:3333/:0
[ 1390570ms] [ERROR] Failed to load resource: net::ERR_CONNECTION_REFUSED @ http://localhost:3333/:0
[ 1391575ms] [ERROR] Failed to load resource: net::ERR_CONNECTION_REFUSED @ http://localhost:3333/:0
[ 1392578ms] [ERROR] Failed to load resource: net::ERR_CONNECTION_REFUSED @ http://localhost:3333/:0
[ 1393581ms] [ERROR] Failed to load resource: net::ERR_CONNECTION_REFUSED @ http://localhost:3333/:0
[ 1394585ms] [ERROR] Failed to load resource: net::ERR_CONNECTION_REFUSED @ http://localhost:3333/:0
[ 1395591ms] [ERROR] Failed to load resource: net::ERR_CONNECTION_REFUSED @ http://localhost:3333/:0
[ 1396596ms] [ERROR] Failed to load resource: net::ERR_CONNECTION_REFUSED @ http://localhost:3333/:0
[ 1397600ms] [ERROR] Failed to load resource: net::ERR_CONNECTION_REFUSED @ http://localhost:3333/:0
[ 1398605ms] [ERROR] Failed to load resource: net::ERR_CONNECTION_REFUSED @ http://localhost:3333/:0
[ 1399610ms] [ERROR] Failed to load resource: net::ERR_CONNECTION_REFUSED @ http://localhost:3333/:0
[ 1400615ms] [ERROR] Failed to load resource: net::ERR_CONNECTION_REFUSED @ http://localhost:3333/:0
[ 1401620ms] [ERROR] Failed to load resource: net::ERR_CONNECTION_REFUSED @ http://localhost:3333/:0
[ 1402623ms] [ERROR] Failed to load resource: net::ERR_CONNECTION_REFUSED @ http://localhost:3333/:0
[ 1403626ms] [ERROR] Failed to load resource: net::ERR_CONNECTION_REFUSED @ http://localhost:3333/:0
[ 1404628ms] [ERROR] Failed to load resource: net::ERR_CONNECTION_REFUSED @ http://localhost:3333/:0
[ 1405634ms] [ERROR] Failed to load resource: net::ERR_CONNECTION_REFUSED @ http://localhost:3333/:0
[ 1406637ms] [ERROR] Failed to load resource: net::ERR_CONNECTION_REFUSED @ http://localhost:3333/:0
[ 1407641ms] [ERROR] Failed to load resource: net::ERR_CONNECTION_REFUSED @ http://localhost:3333/:0
[ 1408645ms] [ERROR] Failed to load resource: net::ERR_CONNECTION_REFUSED @ http://localhost:3333/:0
[ 1409650ms] [ERROR] Failed to load resource: net::ERR_CONNECTION_REFUSED @ http://localhost:3333/:0
[ 1410653ms] [ERROR] Failed to load resource: net::ERR_CONNECTION_REFUSED @ http://localhost:3333/:0
[ 1411656ms] [ERROR] Failed to load resource: net::ERR_CONNECTION_REFUSED @ http://localhost:3333/:0
[ 1412659ms] [ERROR] Failed to load resource: net::ERR_CONNECTION_REFUSED @ http://localhost:3333/:0
[ 1413664ms] [ERROR] Failed to load resource: net::ERR_CONNECTION_REFUSED @ http://localhost:3333/:0
[ 1414668ms] [ERROR] Failed to load resource: net::ERR_CONNECTION_REFUSED @ http://localhost:3333/:0
[ 1415546ms] [ERROR] Failed to load resource: net::ERR_CONNECTION_REFUSED @ http://localhost:3333/version.json?t=1787796556041:0
[ 1415547ms] [ERROR] 檢查版本更新失敗: TypeError: Failed to fetch
    at checkForUpdates (http://localhost:3333/src/App.vue?t=1787795475431:148:32) @ http://localhost:3333/src/App.vue?t=1787795475431:185
[ 1415672ms] [ERROR] Failed to load resource: net::ERR_CONNECTION_REFUSED @ http://localhost:3333/:0
[ 1416675ms] [ERROR] Failed to load resource: net::ERR_CONNECTION_REFUSED @ http://localhost:3333/:0
[ 1417679ms] [ERROR] Failed to load resource: net::ERR_CONNECTION_REFUSED @ http://localhost:3333/:0
[ 1418681ms] [ERROR] Failed to load resource: net::ERR_CONNECTION_REFUSED @ http://localhost:3333/:0
[ 1419685ms] [ERROR] Failed to load resource: net::ERR_CONNECTION_REFUSED @ http://localhost:3333/:0
[ 1420690ms] [ERROR] Failed to load resource: net::ERR_CONNECTION_REFUSED @ http://localhost:3333/:0
[ 1421693ms] [ERROR] Failed to load resource: net::ERR_CONNECTION_REFUSED @ http://localhost:3333/:0
[ 1422697ms] [ERROR] Failed to load resource: net::ERR_CONNECTION_REFUSED @ http://localhost:3333/:0
[ 1423699ms] [ERROR] Failed to load resource: net::ERR_CONNECTION_REFUSED @ http://localhost:3333/:0
[ 1424703ms] [ERROR] Failed to load resource: net::ERR_CONNECTION_REFUSED @ http://localhost:3333/:0
[ 1425708ms] [ERROR] Failed to load resource: net::ERR_CONNECTION_REFUSED @ http://localhost:3333/:0
[ 1426712ms] [ERROR] Failed to load resource: net::ERR_CONNECTION_REFUSED @ http://localhost:3333/:0
[ 1427716ms] [ERROR] Failed to load resource: net::ERR_CONNECTION_REFUSED @ http://localhost:3333/:0
[ 1428721ms] [ERROR] Failed to load resource: net::ERR_CONNECTION_REFUSED @ http://localhost:3333/:0
[ 1429725ms] [ERROR] Failed to load resource: net::ERR_CONNECTION_REFUSED @ http://localhost:3333/:0
[ 1430730ms] [ERROR] Failed to load resource: net::ERR_CONNECTION_REFUSED @ http://localhost:3333/:0
[ 1431734ms] [ERROR] Failed to load resource: net::ERR_CONNECTION_REFUSED @ http://localhost:3333/:0
[ 1432738ms] [ERROR] Failed to load resource: net::ERR_CONNECTION_REFUSED @ http://localhost:3333/:0
[ 1433743ms] [ERROR] Failed to load resource: net::ERR_CONNECTION_REFUSED @ http://localhost:3333/:0
[ 1434747ms] [ERROR] Failed to load resource: net::ERR_CONNECTION_REFUSED @ http://localhost:3333/:0
[ 1435752ms] [ERROR] Failed to load resource: net::ERR_CONNECTION_REFUSED @ http://localhost:3333/:0
[ 1436756ms] [ERROR] Failed to load resource: net::ERR_CONNECTION_REFUSED @ http://localhost:3333/:0
[ 1437760ms] [ERROR] Failed to load resource: net::ERR_CONNECTION_REFUSED @ http://localhost:3333/:0
[ 1438763ms] [ERROR] Failed to load resource: net::ERR_CONNECTION_REFUSED @ http://localhost:3333/:0
[ 1439765ms] [ERROR] Failed to load resource: net::ERR_CONNECTION_REFUSED @ http://localhost:3333/:0
[ 1440768ms] [ERROR] Failed to load resource: net::ERR_CONNECTION_REFUSED @ http://localhost:3333/:0
[ 1441774ms] [ERROR] Failed to load resource: net::ERR_CONNECTION_REFUSED @ http://localhost:3333/:0
[ 1442776ms] [ERROR] Failed to load resource: net::ERR_CONNECTION_REFUSED @ http://localhost:3333/:0
[ 1443781ms] [ERROR] Failed to load resource: net::ERR_CONNECTION_REFUSED @ http://localhost:3333/:0
[ 1444786ms] [ERROR] Failed to load resource: net::ERR_CONNECTION_REFUSED @ http://localhost:3333/:0
[ 1445790ms] [ERROR] Failed to load resource: net::ERR_CONNECTION_REFUSED @ http://localhost:3333/:0
[ 1446795ms] [ERROR] Failed to load resource: net::ERR_CONNECTION_REFUSED @ http://localhost:3333/:0
[ 1447800ms] [ERROR] Failed to load resource: net::ERR_CONNECTION_REFUSED @ http://localhost:3333/:0
[ 1448805ms] [ERROR] Failed to load resource: net::ERR_CONNECTION_REFUSED @ http://localhost:3333/:0
[ 1449811ms] [ERROR] Failed to load resource: net::ERR_CONNECTION_REFUSED @ http://localhost:3333/:0
[ 1450814ms] [ERROR] Failed to load resource: net::ERR_CONNECTION_REFUSED @ http://localhost:3333/:0
[ 1451818ms] [ERROR] Failed to load resource: net::ERR_CONNECTION_REFUSED @ http://localhost:3333/:0
[ 1452822ms] [ERROR] Failed to load resource: net::ERR_CONNECTION_REFUSED @ http://localhost:3333/:0
[ 1453825ms] [ERROR] Failed to load resource: net::ERR_CONNECTION_REFUSED @ http://localhost:3333/:0
[ 1454828ms] [ERROR] Failed to load resource: net::ERR_CONNECTION_REFUSED @ http://localhost:3333/:0
[ 1455832ms] [ERROR] Failed to load resource: net::ERR_CONNECTION_REFUSED @ http://localhost:3333/:0
[ 1456834ms] [ERROR] Failed to load resource: net::ERR_CONNECTION_REFUSED @ http://localhost:3333/:0
[ 1457836ms] [ERROR] Failed to load resource: net::ERR_CONNECTION_REFUSED @ http://localhost:3333/:0
[ 1458839ms] [ERROR] Failed to load resource: net::ERR_CONNECTION_REFUSED @ http://localhost:3333/:0
[ 1459841ms] [ERROR] Failed to load resource: net::ERR_CONNECTION_REFUSED @ http://localhost:3333/:0
[ 1460845ms] [ERROR] Failed to load resource: net::ERR_CONNECTION_REFUSED @ http://localhost:3333/:0
[ 1461850ms] [ERROR] Failed to load resource: net::ERR_CONNECTION_REFUSED @ http://localhost:3333/:0
[ 1462859ms] [ERROR] Failed to load resource: net::ERR_CONNECTION_REFUSED @ http://localhost:3333/:0
[ 1463863ms] [ERROR] Failed to load resource: net::ERR_CONNECTION_REFUSED @ http://localhost:3333/:0
[ 1464867ms] [ERROR] Failed to load resource: net::ERR_CONNECTION_REFUSED @ http://localhost:3333/:0
[ 1465871ms] [ERROR] Failed to load resource: net::ERR_CONNECTION_REFUSED @ http://localhost:3333/:0
[ 1466875ms] [ERROR] Failed to load resource: net::ERR_CONNECTION_REFUSED @ http://localhost:3333/:0
[ 1467879ms] [ERROR] Failed to load resource: net::ERR_CONNECTION_REFUSED @ http://localhost:3333/:0
[ 1468883ms] [ERROR] Failed to load resource: net::ERR_CONNECTION_REFUSED @ http://localhost:3333/:0
[ 1469885ms] [ERROR] Failed to load resource: net::ERR_CONNECTION_REFUSED @ http://localhost:3333/:0
[ 1470891ms] [ERROR] Failed to load resource: net::ERR_CONNECTION_REFUSED @ http://localhost:3333/:0
[ 1471894ms] [ERROR] Failed to load resource: net::ERR_CONNECTION_REFUSED @ http://localhost:3333/:0
[ 1472897ms] [ERROR] Failed to load resource: net::ERR_CONNECTION_REFUSED @ http://localhost:3333/:0
[ 1473900ms] [ERROR] Failed to load resource: net::ERR_CONNECTION_REFUSED @ http://localhost:3333/:0
[ 1474905ms] [ERROR] Failed to load resource: net::ERR_CONNECTION_REFUSED @ http://localhost:3333/:0
[ 1475545ms] [ERROR] Failed to load resource: net::ERR_CONNECTION_REFUSED @ http://localhost:3333/version.json?t=1787796616041:0
[ 1475545ms] [ERROR] 檢查版本更新失敗: TypeError: Failed to fetch
    at checkForUpdates (http://localhost:3333/src/App.vue?t=1787795475431:148:32) @ http://localhost:3333/src/App.vue?t=1787795475431:185
[ 1475909ms] [ERROR] Failed to load resource: net::ERR_CONNECTION_REFUSED @ http://localhost:3333/:0
[ 1476912ms] [ERROR] Failed to load resource: net::ERR_CONNECTION_REFUSED @ http://localhost:3333/:0
[ 1477915ms] [ERROR] Failed to load resource: net::ERR_CONNECTION_REFUSED @ http://localhost:3333/:0
[ 1478919ms] [ERROR] Failed to load resource: net::ERR_CONNECTION_REFUSED @ http://localhost:3333/:0
[ 1479921ms] [ERROR] Failed to load resource: net::ERR_CONNECTION_REFUSED @ http://localhost:3333/:0
[ 1480924ms] [ERROR] Failed to load resource: net::ERR_CONNECTION_REFUSED @ http://localhost:3333/:0
[ 1481928ms] [ERROR] Failed to load resource: net::ERR_CONNECTION_REFUSED @ http://localhost:3333/:0
[ 1482933ms] [ERROR] Failed to load resource: net::ERR_CONNECTION_REFUSED @ http://localhost:3333/:0
[ 1483937ms] [ERROR] Failed to load resource: net::ERR_CONNECTION_REFUSED @ http://localhost:3333/:0
[ 1484940ms] [ERROR] Failed to load resource: net::ERR_CONNECTION_REFUSED @ http://localhost:3333/:0
[ 1485944ms] [ERROR] Failed to load resource: net::ERR_CONNECTION_REFUSED @ http://localhost:3333/:0
[ 1486948ms] [ERROR] Failed to load resource: net::ERR_CONNECTION_REFUSED @ http://localhost:3333/:0
[ 1487951ms] [ERROR] Failed to load resource: net::ERR_CONNECTION_REFUSED @ http://localhost:3333/:0
[ 1488955ms] [ERROR] Failed to load resource: net::ERR_CONNECTION_REFUSED @ http://localhost:3333/:0
[ 1489960ms] [ERROR] Failed to load resource: net::ERR_CONNECTION_REFUSED @ http://localhost:3333/:0
[ 1490964ms] [ERROR] Failed to load resource: net::ERR_CONNECTION_REFUSED @ http://localhost:3333/:0
[ 1491967ms] [ERROR] Failed to load resource: net::ERR_CONNECTION_REFUSED @ http://localhost:3333/:0
[ 1492971ms] [ERROR] Failed to load resource: net::ERR_CONNECTION_REFUSED @ http://localhost:3333/:0
[ 1493975ms] [ERROR] Failed to load resource: net::ERR_CONNECTION_REFUSED @ http://localhost:3333/:0
[ 1494980ms] [ERROR] Failed to load resource: net::ERR_CONNECTION_REFUSED @ http://localhost:3333/:0
[ 1495983ms] [ERROR] Failed to load resource: net::ERR_CONNECTION_REFUSED @ http://localhost:3333/:0
[ 1496989ms] [ERROR] Failed to load resource: net::ERR_CONNECTION_REFUSED @ http://localhost:3333/:0
[ 1497994ms] [ERROR] Failed to load resource: net::ERR_CONNECTION_REFUSED @ http://localhost:3333/:0
[ 1498999ms] [ERROR] Failed to load resource: net::ERR_CONNECTION_REFUSED @ http://localhost:3333/:0
[ 1500002ms] [ERROR] Failed to load resource: net::ERR_CONNECTION_REFUSED @ http://localhost:3333/:0
[ 1501006ms] [ERROR] Failed to load resource: net::ERR_CONNECTION_REFUSED @ http://localhost:3333/:0
[ 1502009ms] [ERROR] Failed to load resource: net::ERR_CONNECTION_REFUSED @ http://localhost:3333/:0
[ 1503015ms] [ERROR] Failed to load resource: net::ERR_CONNECTION_REFUSED @ http://localhost:3333/:0
[ 1504019ms] [ERROR] Failed to load resource: net::ERR_CONNECTION_REFUSED @ http://localhost:3333/:0
[ 1505023ms] [ERROR] Failed to load resource: net::ERR_CONNECTION_REFUSED @ http://localhost:3333/:0
[ 1506025ms] [ERROR] Failed to load resource: net::ERR_CONNECTION_REFUSED @ http://localhost:3333/:0
[ 1507028ms] [ERROR] Failed to load resource: net::ERR_CONNECTION_REFUSED @ http://localhost:3333/:0
[ 1508033ms] [ERROR] Failed to load resource: net::ERR_CONNECTION_REFUSED @ http://localhost:3333/:0
[ 1509037ms] [ERROR] Failed to load resource: net::ERR_CONNECTION_REFUSED @ http://localhost:3333/:0
[ 1510041ms] [ERROR] Failed to load resource: net::ERR_CONNECTION_REFUSED @ http://localhost:3333/:0
[ 1511046ms] [ERROR] Failed to load resource: net::ERR_CONNECTION_REFUSED @ http://localhost:3333/:0
[ 1512050ms] [ERROR] Failed to load resource: net::ERR_CONNECTION_REFUSED @ http://localhost:3333/:0
[ 1513054ms] [ERROR] Failed to load resource: net::ERR_CONNECTION_REFUSED @ http://localhost:3333/:0
[ 1514059ms] [ERROR] Failed to load resource: net::ERR_CONNECTION_REFUSED @ http://localhost:3333/:0
[ 1515064ms] [ERROR] Failed to load resource: net::ERR_CONNECTION_REFUSED @ http://localhost:3333/:0
[ 1516069ms] [ERROR] Failed to load resource: net::ERR_CONNECTION_REFUSED @ http://localhost:3333/:0
[ 1517073ms] [ERROR] Failed to load resource: net::ERR_CONNECTION_REFUSED @ http://localhost:3333/:0
[ 1518077ms] [ERROR] Failed to load resource: net::ERR_CONNECTION_REFUSED @ http://localhost:3333/:0
[ 1519081ms] [ERROR] Failed to load resource: net::ERR_CONNECTION_REFUSED @ http://localhost:3333/:0
[ 1520086ms] [ERROR] Failed to load resource: net::ERR_CONNECTION_REFUSED @ http://localhost:3333/:0
[ 1521090ms] [ERROR] Failed to load resource: net::ERR_CONNECTION_REFUSED @ http://localhost:3333/:0
[ 1522096ms] [ERROR] Failed to load resource: net::ERR_CONNECTION_REFUSED @ http://localhost:3333/:0
[ 1523101ms] [ERROR] Failed to load resource: net::ERR_CONNECTION_REFUSED @ http://localhost:3333/:0
[ 1524105ms] [ERROR] Failed to load resource: net::ERR_CONNECTION_REFUSED @ http://localhost:3333/:0
[ 1525109ms] [ERROR] Failed to load resource: net::ERR_CONNECTION_REFUSED @ http://localhost:3333/:0
[ 1526113ms] [ERROR] Failed to load resource: net::ERR_CONNECTION_REFUSED @ http://localhost:3333/:0
[ 1527117ms] [ERROR] Failed to load resource: net::ERR_CONNECTION_REFUSED @ http://localhost:3333/:0
[ 1528120ms] [ERROR] Failed to load resource: net::ERR_CONNECTION_REFUSED @ http://localhost:3333/:0
[ 1529125ms] [ERROR] Failed to load resource: net::ERR_CONNECTION_REFUSED @ http://localhost:3333/:0
[ 1530130ms] [ERROR] Failed to load resource: net::ERR_CONNECTION_REFUSED @ http://localhost:3333/:0
[ 1531134ms] [ERROR] Failed to load resource: net::ERR_CONNECTION_REFUSED @ http://localhost:3333/:0
[ 1532137ms] [ERROR] Failed to load resource: net::ERR_CONNECTION_REFUSED @ http://localhost:3333/:0
[ 1533140ms] [ERROR] Failed to load resource: net::ERR_CONNECTION_REFUSED @ http://localhost:3333/:0
[ 1534145ms] [ERROR] Failed to load resource: net::ERR_CONNECTION_REFUSED @ http://localhost:3333/:0
[ 1535150ms] [ERROR] Failed to load resource: net::ERR_CONNECTION_REFUSED @ http://localhost:3333/:0
[ 1535545ms] [ERROR] Failed to load resource: net::ERR_CONNECTION_REFUSED @ http://localhost:3333/version.json?t=1787796676041:0
[ 1535546ms] [ERROR] 檢查版本更新失敗: TypeError: Failed to fetch
    at checkForUpdates (http://localhost:3333/src/App.vue?t=1787795475431:148:32) @ http://localhost:3333/src/App.vue?t=1787795475431:185
[ 1536153ms] [ERROR] Failed to load resource: net::ERR_CONNECTION_REFUSED @ http://localhost:3333/:0
[ 1537157ms] [ERROR] Failed to load resource: net::ERR_CONNECTION_REFUSED @ http://localhost:3333/:0
[ 1538159ms] [ERROR] Failed to load resource: net::ERR_CONNECTION_REFUSED @ http://localhost:3333/:0
[ 1539164ms] [ERROR] Failed to load resource: net::ERR_CONNECTION_REFUSED @ http://localhost:3333/:0
[ 1540168ms] [ERROR] Failed to load resource: net::ERR_CONNECTION_REFUSED @ http://localhost:3333/:0
[ 1541173ms] [ERROR] Failed to load resource: net::ERR_CONNECTION_REFUSED @ http://localhost:3333/:0
[ 1542177ms] [ERROR] Failed to load resource: net::ERR_CONNECTION_REFUSED @ http://localhost:3333/:0
[ 1543180ms] [ERROR] Failed to load resource: net::ERR_CONNECTION_REFUSED @ http://localhost:3333/:0
[ 1544184ms] [ERROR] Failed to load resource: net::ERR_CONNECTION_REFUSED @ http://localhost:3333/:0
[ 1545188ms] [ERROR] Failed to load resource: net::ERR_CONNECTION_REFUSED @ http://localhost:3333/:0
[ 1546192ms] [ERROR] Failed to load resource: net::ERR_CONNECTION_REFUSED @ http://localhost:3333/:0
[ 1547195ms] [ERROR] Failed to load resource: net::ERR_CONNECTION_REFUSED @ http://localhost:3333/:0
[ 1548199ms] [ERROR] Failed to load resource: net::ERR_CONNECTION_REFUSED @ http://localhost:3333/:0
[ 1549203ms] [ERROR] Failed to load resource: net::ERR_CONNECTION_REFUSED @ http://localhost:3333/:0
[ 1550208ms] [ERROR] Failed to load resource: net::ERR_CONNECTION_REFUSED @ http://localhost:3333/:0
[ 1551212ms] [ERROR] Failed to load resource: net::ERR_CONNECTION_REFUSED @ http://localhost:3333/:0
[ 1552216ms] [ERROR] Failed to load resource: net::ERR_CONNECTION_REFUSED @ http://localhost:3333/:0
[ 1553217ms] [ERROR] Failed to load resource: net::ERR_CONNECTION_REFUSED @ http://localhost:3333/:0
[ 1554221ms] [ERROR] Failed to load resource: net::ERR_CONNECTION_REFUSED @ http://localhost:3333/:0
[ 1555224ms] [ERROR] Failed to load resource: net::ERR_CONNECTION_REFUSED @ http://localhost:3333/:0
[ 1556227ms] [ERROR] Failed to load resource: net::ERR_CONNECTION_REFUSED @ http://localhost:3333/:0
[ 1557231ms] [ERROR] Failed to load resource: net::ERR_CONNECTION_REFUSED @ http://localhost:3333/:0
[ 1558233ms] [ERROR] Failed to load resource: net::ERR_CONNECTION_REFUSED @ http://localhost:3333/:0
[ 1559238ms] [ERROR] Failed to load resource: net::ERR_CONNECTION_REFUSED @ http://localhost:3333/:0
[ 1560244ms] [ERROR] Failed to load resource: net::ERR_CONNECTION_REFUSED @ http://localhost:3333/:0
[ 1561248ms] [ERROR] Failed to load resource: net::ERR_CONNECTION_REFUSED @ http://localhost:3333/:0
[ 1562252ms] [ERROR] Failed to load resource: net::ERR_CONNECTION_REFUSED @ http://localhost:3333/:0
[ 1563255ms] [ERROR] Failed to load resource: net::ERR_CONNECTION_REFUSED @ http://localhost:3333/:0
[ 1564260ms] [ERROR] Failed to load resource: net::ERR_CONNECTION_REFUSED @ http://localhost:3333/:0
[ 1565267ms] [ERROR] Failed to load resource: net::ERR_CONNECTION_REFUSED @ http://localhost:3333/:0
[ 1566270ms] [ERROR] Failed to load resource: net::ERR_CONNECTION_REFUSED @ http://localhost:3333/:0
[ 1567272ms] [ERROR] Failed to load resource: net::ERR_CONNECTION_REFUSED @ http://localhost:3333/:0
[ 1568275ms] [ERROR] Failed to load resource: net::ERR_CONNECTION_REFUSED @ http://localhost:3333/:0
[ 1569278ms] [ERROR] Failed to load resource: net::ERR_CONNECTION_REFUSED @ http://localhost:3333/:0
[ 1570281ms] [ERROR] Failed to load resource: net::ERR_CONNECTION_REFUSED @ http://localhost:3333/:0
[ 1571286ms] [ERROR] Failed to load resource: net::ERR_CONNECTION_REFUSED @ http://localhost:3333/:0
[ 1572290ms] [ERROR] Failed to load resource: net::ERR_CONNECTION_REFUSED @ http://localhost:3333/:0
[ 1573292ms] [ERROR] Failed to load resource: net::ERR_CONNECTION_REFUSED @ http://localhost:3333/:0
[ 1574297ms] [ERROR] Failed to load resource: net::ERR_CONNECTION_REFUSED @ http://localhost:3333/:0
[ 1575301ms] [ERROR] Failed to load resource: net::ERR_CONNECTION_REFUSED @ http://localhost:3333/:0
[ 1576305ms] [ERROR] Failed to load resource: net::ERR_CONNECTION_REFUSED @ http://localhost:3333/:0
[ 1577309ms] [ERROR] Failed to load resource: net::ERR_CONNECTION_REFUSED @ http://localhost:3333/:0
[ 1578312ms] [ERROR] Failed to load resource: net::ERR_CONNECTION_REFUSED @ http://localhost:3333/:0
[ 1579316ms] [ERROR] Failed to load resource: net::ERR_CONNECTION_REFUSED @ http://localhost:3333/:0
[ 1580320ms] [ERROR] Failed to load resource: net::ERR_CONNECTION_REFUSED @ http://localhost:3333/:0
[ 1581323ms] [ERROR] Failed to load resource: net::ERR_CONNECTION_REFUSED @ http://localhost:3333/:0
[ 1582328ms] [ERROR] Failed to load resource: net::ERR_CONNECTION_REFUSED @ http://localhost:3333/:0
[ 1583331ms] [ERROR] Failed to load resource: net::ERR_CONNECTION_REFUSED @ http://localhost:3333/:0
[ 1584335ms] [ERROR] Failed to load resource: net::ERR_CONNECTION_REFUSED @ http://localhost:3333/:0
[ 1585339ms] [ERROR] Failed to load resource: net::ERR_CONNECTION_REFUSED @ http://localhost:3333/:0
[ 1586344ms] [ERROR] Failed to load resource: net::ERR_CONNECTION_REFUSED @ http://localhost:3333/:0
[ 1587348ms] [ERROR] Failed to load resource: net::ERR_CONNECTION_REFUSED @ http://localhost:3333/:0
[ 1588351ms] [ERROR] Failed to load resource: net::ERR_CONNECTION_REFUSED @ http://localhost:3333/:0
[ 1589356ms] [ERROR] Failed to load resource: net::ERR_CONNECTION_REFUSED @ http://localhost:3333/:0
[ 1590360ms] [ERROR] Failed to load resource: net::ERR_CONNECTION_REFUSED @ http://localhost:3333/:0
[ 1591365ms] [ERROR] Failed to load resource: net::ERR_CONNECTION_REFUSED @ http://localhost:3333/:0
[ 1592371ms] [ERROR] Failed to load resource: net::ERR_CONNECTION_REFUSED @ http://localhost:3333/:0
[ 1593374ms] [ERROR] Failed to load resource: net::ERR_CONNECTION_REFUSED @ http://localhost:3333/:0
[ 1594378ms] [ERROR] Failed to load resource: net::ERR_CONNECTION_REFUSED @ http://localhost:3333/:0
[ 1595382ms] [ERROR] Failed to load resource: net::ERR_CONNECTION_REFUSED @ http://localhost:3333/:0
[ 1595544ms] [ERROR] Failed to load resource: net::ERR_CONNECTION_REFUSED @ http://localhost:3333/version.json?t=1787796736041:0
[ 1595544ms] [ERROR] 檢查版本更新失敗: TypeError: Failed to fetch
    at checkForUpdates (http://localhost:3333/src/App.vue?t=1787795475431:148:32) @ http://localhost:3333/src/App.vue?t=1787795475431:185
[ 1596386ms] [ERROR] Failed to load resource: net::ERR_CONNECTION_REFUSED @ http://localhost:3333/:0
[ 1597389ms] [ERROR] Failed to load resource: net::ERR_CONNECTION_REFUSED @ http://localhost:3333/:0
[ 1598391ms] [ERROR] Failed to load resource: net::ERR_CONNECTION_REFUSED @ http://localhost:3333/:0
[ 1599395ms] [ERROR] Failed to load resource: net::ERR_CONNECTION_REFUSED @ http://localhost:3333/:0
[ 1600397ms] [ERROR] Failed to load resource: net::ERR_CONNECTION_REFUSED @ http://localhost:3333/:0
[ 1601400ms] [ERROR] Failed to load resource: net::ERR_CONNECTION_REFUSED @ http://localhost:3333/:0
[ 1602404ms] [ERROR] Failed to load resource: net::ERR_CONNECTION_REFUSED @ http://localhost:3333/:0
[ 1603406ms] [ERROR] Failed to load resource: net::ERR_CONNECTION_REFUSED @ http://localhost:3333/:0
[ 1604409ms] [ERROR] Failed to load resource: net::ERR_CONNECTION_REFUSED @ http://localhost:3333/:0
[ 1605414ms] [ERROR] Failed to load resource: net::ERR_CONNECTION_REFUSED @ http://localhost:3333/:0
[ 1606417ms] [ERROR] Failed to load resource: net::ERR_CONNECTION_REFUSED @ http://localhost:3333/:0
[ 1607420ms] [ERROR] Failed to load resource: net::ERR_CONNECTION_REFUSED @ http://localhost:3333/:0
[ 1608423ms] [ERROR] Failed to load resource: net::ERR_CONNECTION_REFUSED @ http://localhost:3333/:0
[ 1609427ms] [ERROR] Failed to load resource: net::ERR_CONNECTION_REFUSED @ http://localhost:3333/:0
[ 1610431ms] [ERROR] Failed to load resource: net::ERR_CONNECTION_REFUSED @ http://localhost:3333/:0
[ 1611434ms] [ERROR] Failed to load resource: net::ERR_CONNECTION_REFUSED @ http://localhost:3333/:0
[ 1612438ms] [ERROR] Failed to load resource: net::ERR_CONNECTION_REFUSED @ http://localhost:3333/:0
[ 1613440ms] [ERROR] Failed to load resource: net::ERR_CONNECTION_REFUSED @ http://localhost:3333/:0
[ 1614443ms] [ERROR] Failed to load resource: net::ERR_CONNECTION_REFUSED @ http://localhost:3333/:0
[ 1615447ms] [ERROR] Failed to load resource: net::ERR_CONNECTION_REFUSED @ http://localhost:3333/:0
[ 1616452ms] [ERROR] Failed to load resource: net::ERR_CONNECTION_REFUSED @ http://localhost:3333/:0
[ 1617454ms] [ERROR] Failed to load resource: net::ERR_CONNECTION_REFUSED @ http://localhost:3333/:0
[ 1618458ms] [ERROR] Failed to load resource: net::ERR_CONNECTION_REFUSED @ http://localhost:3333/:0
[ 1619461ms] [ERROR] Failed to load resource: net::ERR_CONNECTION_REFUSED @ http://localhost:3333/:0
[ 1620463ms] [ERROR] Failed to load resource: net::ERR_CONNECTION_REFUSED @ http://localhost:3333/:0
[ 1621467ms] [ERROR] Failed to load resource: net::ERR_CONNECTION_REFUSED @ http://localhost:3333/:0
[ 1622470ms] [ERROR] Failed to load resource: net::ERR_CONNECTION_REFUSED @ http://localhost:3333/:0
[ 1623472ms] [ERROR] Failed to load resource: net::ERR_CONNECTION_REFUSED @ http://localhost:3333/:0
[ 1624477ms] [ERROR] Failed to load resource: net::ERR_CONNECTION_REFUSED @ http://localhost:3333/:0
[ 1625479ms] [ERROR] Failed to load resource: net::ERR_CONNECTION_REFUSED @ http://localhost:3333/:0
[ 1626482ms] [ERROR] Failed to load resource: net::ERR_CONNECTION_REFUSED @ http://localhost:3333/:0
[ 1627485ms] [ERROR] Failed to load resource: net::ERR_CONNECTION_REFUSED @ http://localhost:3333/:0
[ 1628488ms] [ERROR] Failed to load resource: net::ERR_CONNECTION_REFUSED @ http://localhost:3333/:0
[ 1629492ms] [ERROR] Failed to load resource: net::ERR_CONNECTION_REFUSED @ http://localhost:3333/:0
[ 1630495ms] [ERROR] Failed to load resource: net::ERR_CONNECTION_REFUSED @ http://localhost:3333/:0
[ 1631499ms] [ERROR] Failed to load resource: net::ERR_CONNECTION_REFUSED @ http://localhost:3333/:0
[ 1632504ms] [ERROR] Failed to load resource: net::ERR_CONNECTION_REFUSED @ http://localhost:3333/:0
[ 1633508ms] [ERROR] Failed to load resource: net::ERR_CONNECTION_REFUSED @ http://localhost:3333/:0
[ 1634511ms] [ERROR] Failed to load resource: net::ERR_CONNECTION_REFUSED @ http://localhost:3333/:0
[ 1635515ms] [ERROR] Failed to load resource: net::ERR_CONNECTION_REFUSED @ http://localhost:3333/:0
[ 1636520ms] [ERROR] Failed to load resource: net::ERR_CONNECTION_REFUSED @ http://localhost:3333/:0
[ 1637524ms] [ERROR] Failed to load resource: net::ERR_CONNECTION_REFUSED @ http://localhost:3333/:0
[ 1638528ms] [ERROR] Failed to load resource: net::ERR_CONNECTION_REFUSED @ http://localhost:3333/:0
[ 1639529ms] [ERROR] Failed to load resource: net::ERR_CONNECTION_REFUSED @ http://localhost:3333/:0
[ 1640532ms] [ERROR] Failed to load resource: net::ERR_CONNECTION_REFUSED @ http://localhost:3333/:0
[ 1641536ms] [ERROR] Failed to load resource: net::ERR_CONNECTION_REFUSED @ http://localhost:3333/:0
[ 1642540ms] [ERROR] Failed to load resource: net::ERR_CONNECTION_REFUSED @ http://localhost:3333/:0
[ 1643545ms] [ERROR] Failed to load resource: net::ERR_CONNECTION_REFUSED @ http://localhost:3333/:0
[ 1644550ms] [ERROR] Failed to load resource: net::ERR_CONNECTION_REFUSED @ http://localhost:3333/:0
[ 1645553ms] [ERROR] Failed to load resource: net::ERR_CONNECTION_REFUSED @ http://localhost:3333/:0
[ 1646556ms] [ERROR] Failed to load resource: net::ERR_CONNECTION_REFUSED @ http://localhost:3333/:0
[ 1647560ms] [ERROR] Failed to load resource: net::ERR_CONNECTION_REFUSED @ http://localhost:3333/:0
[ 1648564ms] [ERROR] Failed to load resource: net::ERR_CONNECTION_REFUSED @ http://localhost:3333/:0
[ 1649568ms] [ERROR] Failed to load resource: net::ERR_CONNECTION_REFUSED @ http://localhost:3333/:0
[ 1650573ms] [ERROR] Failed to load resource: net::ERR_CONNECTION_REFUSED @ http://localhost:3333/:0
[ 1651578ms] [ERROR] Failed to load resource: net::ERR_CONNECTION_REFUSED @ http://localhost:3333/:0
[ 1652583ms] [ERROR] Failed to load resource: net::ERR_CONNECTION_REFUSED @ http://localhost:3333/:0
[ 1653591ms] [ERROR] Failed to load resource: net::ERR_CONNECTION_REFUSED @ http://localhost:3333/:0
[ 1654597ms] [ERROR] Failed to load resource: net::ERR_CONNECTION_REFUSED @ http://localhost:3333/:0
[ 1655543ms] [ERROR] Failed to load resource: net::ERR_CONNECTION_REFUSED @ http://localhost:3333/version.json?t=1787796796040:0
[ 1655543ms] [ERROR] 檢查版本更新失敗: TypeError: Failed to fetch
    at checkForUpdates (http://localhost:3333/src/App.vue?t=1787795475431:148:32) @ http://localhost:3333/src/App.vue?t=1787795475431:185
[ 1655613ms] [ERROR] Failed to load resource: net::ERR_CONNECTION_REFUSED @ http://localhost:3333/:0
[ 1656616ms] [ERROR] Failed to load resource: net::ERR_CONNECTION_REFUSED @ http://localhost:3333/:0
[ 1657618ms] [ERROR] Failed to load resource: net::ERR_CONNECTION_REFUSED @ http://localhost:3333/:0
[ 1658622ms] [ERROR] Failed to load resource: net::ERR_CONNECTION_REFUSED @ http://localhost:3333/:0
[ 1659626ms] [ERROR] Failed to load resource: net::ERR_CONNECTION_REFUSED @ http://localhost:3333/:0
[ 1660630ms] [ERROR] Failed to load resource: net::ERR_CONNECTION_REFUSED @ http://localhost:3333/:0
[ 1661634ms] [ERROR] Failed to load resource: net::ERR_CONNECTION_REFUSED @ http://localhost:3333/:0
[ 1662637ms] [ERROR] Failed to load resource: net::ERR_CONNECTION_REFUSED @ http://localhost:3333/:0
[ 1663641ms] [ERROR] Failed to load resource: net::ERR_CONNECTION_REFUSED @ http://localhost:3333/:0
[ 1664643ms] [ERROR] Failed to load resource: net::ERR_CONNECTION_REFUSED @ http://localhost:3333/:0
[ 1665645ms] [ERROR] Failed to load resource: net::ERR_CONNECTION_REFUSED @ http://localhost:3333/:0
[ 1666648ms] [ERROR] Failed to load resource: net::ERR_CONNECTION_REFUSED @ http://localhost:3333/:0
[ 1667651ms] [ERROR] Failed to load resource: net::ERR_CONNECTION_REFUSED @ http://localhost:3333/:0
[ 1668655ms] [ERROR] Failed to load resource: net::ERR_CONNECTION_REFUSED @ http://localhost:3333/:0
[ 1669659ms] [ERROR] Failed to load resource: net::ERR_CONNECTION_REFUSED @ http://localhost:3333/:0
[ 1670663ms] [ERROR] Failed to load resource: net::ERR_CONNECTION_REFUSED @ http://localhost:3333/:0
[ 1671667ms] [ERROR] Failed to load resource: net::ERR_CONNECTION_REFUSED @ http://localhost:3333/:0
[ 1672671ms] [ERROR] Failed to load resource: net::ERR_CONNECTION_REFUSED @ http://localhost:3333/:0
[ 1673674ms] [ERROR] Failed to load resource: net::ERR_CONNECTION_REFUSED @ http://localhost:3333/:0
[ 1674678ms] [ERROR] Failed to load resource: net::ERR_CONNECTION_REFUSED @ http://localhost:3333/:0
[ 1675680ms] [ERROR] Failed to load resource: net::ERR_CONNECTION_REFUSED @ http://localhost:3333/:0
[ 1676683ms] [ERROR] Failed to load resource: net::ERR_CONNECTION_REFUSED @ http://localhost:3333/:0
[ 1677686ms] [ERROR] Failed to load resource: net::ERR_CONNECTION_REFUSED @ http://localhost:3333/:0
[ 1678690ms] [ERROR] Failed to load resource: net::ERR_CONNECTION_REFUSED @ http://localhost:3333/:0
[ 1679695ms] [ERROR] Failed to load resource: net::ERR_CONNECTION_REFUSED @ http://localhost:3333/:0
[ 1680700ms] [ERROR] Failed to load resource: net::ERR_CONNECTION_REFUSED @ http://localhost:3333/:0
[ 1681703ms] [ERROR] Failed to load resource: net::ERR_CONNECTION_REFUSED @ http://localhost:3333/:0
[ 1682707ms] [ERROR] Failed to load resource: net::ERR_CONNECTION_REFUSED @ http://localhost:3333/:0
[ 1683711ms] [ERROR] Failed to load resource: net::ERR_CONNECTION_REFUSED @ http://localhost:3333/:0
[ 1684714ms] [ERROR] Failed to load resource: net::ERR_CONNECTION_REFUSED @ http://localhost:3333/:0
[ 1685717ms] [ERROR] Failed to load resource: net::ERR_CONNECTION_REFUSED @ http://localhost:3333/:0
[ 1686721ms] [ERROR] Failed to load resource: net::ERR_CONNECTION_REFUSED @ http://localhost:3333/:0
[ 1687724ms] [ERROR] Failed to load resource: net::ERR_CONNECTION_REFUSED @ http://localhost:3333/:0
[ 1688729ms] [ERROR] Failed to load resource: net::ERR_CONNECTION_REFUSED @ http://localhost:3333/:0
[ 1689733ms] [ERROR] Failed to load resource: net::ERR_CONNECTION_REFUSED @ http://localhost:3333/:0
[ 1690738ms] [ERROR] Failed to load resource: net::ERR_CONNECTION_REFUSED @ http://localhost:3333/:0
[ 1691741ms] [ERROR] Failed to load resource: net::ERR_CONNECTION_REFUSED @ http://localhost:3333/:0
[ 1692745ms] [ERROR] Failed to load resource: net::ERR_CONNECTION_REFUSED @ http://localhost:3333/:0
[ 1693749ms] [ERROR] Failed to load resource: net::ERR_CONNECTION_REFUSED @ http://localhost:3333/:0
[ 1694753ms] [ERROR] Failed to load resource: net::ERR_CONNECTION_REFUSED @ http://localhost:3333/:0
[ 1695760ms] [ERROR] Failed to load resource: net::ERR_CONNECTION_REFUSED @ http://localhost:3333/:0
[ 1696764ms] [ERROR] Failed to load resource: net::ERR_CONNECTION_REFUSED @ http://localhost:3333/:0
[ 1697767ms] [ERROR] Failed to load resource: net::ERR_CONNECTION_REFUSED @ http://localhost:3333/:0
[ 1698770ms] [ERROR] Failed to load resource: net::ERR_CONNECTION_REFUSED @ http://localhost:3333/:0
[ 1699773ms] [ERROR] Failed to load resource: net::ERR_CONNECTION_REFUSED @ http://localhost:3333/:0
[ 1700775ms] [ERROR] Failed to load resource: net::ERR_CONNECTION_REFUSED @ http://localhost:3333/:0
[ 1701779ms] [ERROR] Failed to load resource: net::ERR_CONNECTION_REFUSED @ http://localhost:3333/:0
[ 1702782ms] [ERROR] Failed to load resource: net::ERR_CONNECTION_REFUSED @ http://localhost:3333/:0
[ 1703785ms] [ERROR] Failed to load resource: net::ERR_CONNECTION_REFUSED @ http://localhost:3333/:0
[ 1704788ms] [ERROR] Failed to load resource: net::ERR_CONNECTION_REFUSED @ http://localhost:3333/:0
[ 1705791ms] [ERROR] Failed to load resource: net::ERR_CONNECTION_REFUSED @ http://localhost:3333/:0
[ 1706794ms] [ERROR] Failed to load resource: net::ERR_CONNECTION_REFUSED @ http://localhost:3333/:0
[ 1707798ms] [ERROR] Failed to load resource: net::ERR_CONNECTION_REFUSED @ http://localhost:3333/:0
[ 1708803ms] [ERROR] Failed to load resource: net::ERR_CONNECTION_REFUSED @ http://localhost:3333/:0
[ 1709807ms] [ERROR] Failed to load resource: net::ERR_CONNECTION_REFUSED @ http://localhost:3333/:0
[ 1710811ms] [ERROR] Failed to load resource: net::ERR_CONNECTION_REFUSED @ http://localhost:3333/:0
[ 1711815ms] [ERROR] Failed to load resource: net::ERR_CONNECTION_REFUSED @ http://localhost:3333/:0
[ 1712820ms] [ERROR] Failed to load resource: net::ERR_CONNECTION_REFUSED @ http://localhost:3333/:0
[ 1713823ms] [ERROR] Failed to load resource: net::ERR_CONNECTION_REFUSED @ http://localhost:3333/:0
[ 1714828ms] [ERROR] Failed to load resource: net::ERR_CONNECTION_REFUSED @ http://localhost:3333/:0
[ 1715547ms] [ERROR] Failed to load resource: net::ERR_CONNECTION_REFUSED @ http://localhost:3333/version.json?t=1787796856041:0
[ 1715547ms] [ERROR] 檢查版本更新失敗: TypeError: Failed to fetch
    at checkForUpdates (http://localhost:3333/src/App.vue?t=1787795475431:148:32) @ http://localhost:3333/src/App.vue?t=1787795475431:185
[ 1715832ms] [ERROR] Failed to load resource: net::ERR_CONNECTION_REFUSED @ http://localhost:3333/:0
[ 1716837ms] [ERROR] Failed to load resource: net::ERR_CONNECTION_REFUSED @ http://localhost:3333/:0
[ 1717841ms] [ERROR] Failed to load resource: net::ERR_CONNECTION_REFUSED @ http://localhost:3333/:0
[ 1718845ms] [ERROR] Failed to load resource: net::ERR_CONNECTION_REFUSED @ http://localhost:3333/:0
[ 1719849ms] [ERROR] Failed to load resource: net::ERR_CONNECTION_REFUSED @ http://localhost:3333/:0
[ 1720851ms] [ERROR] Failed to load resource: net::ERR_CONNECTION_REFUSED @ http://localhost:3333/:0
[ 1721854ms] [ERROR] Failed to load resource: net::ERR_CONNECTION_REFUSED @ http://localhost:3333/:0
[ 1722857ms] [ERROR] Failed to load resource: net::ERR_CONNECTION_REFUSED @ http://localhost:3333/:0
[ 1723860ms] [ERROR] Failed to load resource: net::ERR_CONNECTION_REFUSED @ http://localhost:3333/:0
[ 1724864ms] [ERROR] Failed to load resource: net::ERR_CONNECTION_REFUSED @ http://localhost:3333/:0
[ 1725868ms] [ERROR] Failed to load resource: net::ERR_CONNECTION_REFUSED @ http://localhost:3333/:0
[ 1726871ms] [ERROR] Failed to load resource: net::ERR_CONNECTION_REFUSED @ http://localhost:3333/:0
[ 1727874ms] [ERROR] Failed to load resource: net::ERR_CONNECTION_REFUSED @ http://localhost:3333/:0
[ 1728876ms] [ERROR] Failed to load resource: net::ERR_CONNECTION_REFUSED @ http://localhost:3333/:0
[ 1729879ms] [ERROR] Failed to load resource: net::ERR_CONNECTION_REFUSED @ http://localhost:3333/:0
[ 1730882ms] [ERROR] Failed to load resource: net::ERR_CONNECTION_REFUSED @ http://localhost:3333/:0
[ 1731886ms] [ERROR] Failed to load resource: net::ERR_CONNECTION_REFUSED @ http://localhost:3333/:0
[ 1732888ms] [ERROR] Failed to load resource: net::ERR_CONNECTION_REFUSED @ http://localhost:3333/:0
[ 1733891ms] [ERROR] Failed to load resource: net::ERR_CONNECTION_REFUSED @ http://localhost:3333/:0
[ 1734894ms] [ERROR] Failed to load resource: net::ERR_CONNECTION_REFUSED @ http://localhost:3333/:0
[ 1735898ms] [ERROR] Failed to load resource: net::ERR_CONNECTION_REFUSED @ http://localhost:3333/:0
[ 1736903ms] [ERROR] Failed to load resource: net::ERR_CONNECTION_REFUSED @ http://localhost:3333/:0
[ 1737907ms] [ERROR] Failed to load resource: net::ERR_CONNECTION_REFUSED @ http://localhost:3333/:0
[ 1738909ms] [ERROR] Failed to load resource: net::ERR_CONNECTION_REFUSED @ http://localhost:3333/:0
[ 1739912ms] [ERROR] Failed to load resource: net::ERR_CONNECTION_REFUSED @ http://localhost:3333/:0
[ 1740915ms] [ERROR] Failed to load resource: net::ERR_CONNECTION_REFUSED @ http://localhost:3333/:0
[ 1741918ms] [ERROR] Failed to load resource: net::ERR_CONNECTION_REFUSED @ http://localhost:3333/:0
[ 1742921ms] [ERROR] Failed to load resource: net::ERR_CONNECTION_REFUSED @ http://localhost:3333/:0
[ 1743924ms] [ERROR] Failed to load resource: net::ERR_CONNECTION_REFUSED @ http://localhost:3333/:0
[ 1744929ms] [ERROR] Failed to load resource: net::ERR_CONNECTION_REFUSED @ http://localhost:3333/:0
[ 1745934ms] [ERROR] Failed to load resource: net::ERR_CONNECTION_REFUSED @ http://localhost:3333/:0
[ 1746937ms] [ERROR] Failed to load resource: net::ERR_CONNECTION_REFUSED @ http://localhost:3333/:0
[ 1747941ms] [ERROR] Failed to load resource: net::ERR_CONNECTION_REFUSED @ http://localhost:3333/:0
[ 1748944ms] [ERROR] Failed to load resource: net::ERR_CONNECTION_REFUSED @ http://localhost:3333/:0
[ 1749948ms] [ERROR] Failed to load resource: net::ERR_CONNECTION_REFUSED @ http://localhost:3333/:0
[ 1750955ms] [ERROR] Failed to load resource: net::ERR_CONNECTION_REFUSED @ http://localhost:3333/:0
[ 1751957ms] [ERROR] Failed to load resource: net::ERR_CONNECTION_REFUSED @ http://localhost:3333/:0
[ 1752960ms] [ERROR] Failed to load resource: net::ERR_CONNECTION_REFUSED @ http://localhost:3333/:0
[ 1753964ms] [ERROR] Failed to load resource: net::ERR_CONNECTION_REFUSED @ http://localhost:3333/:0
[ 1754967ms] [ERROR] Failed to load resource: net::ERR_CONNECTION_REFUSED @ http://localhost:3333/:0
[ 1755970ms] [ERROR] Failed to load resource: net::ERR_CONNECTION_REFUSED @ http://localhost:3333/:0
[ 1756973ms] [ERROR] Failed to load resource: net::ERR_CONNECTION_REFUSED @ http://localhost:3333/:0
[ 1757977ms] [ERROR] Failed to load resource: net::ERR_CONNECTION_REFUSED @ http://localhost:3333/:0
[ 1758980ms] [ERROR] Failed to load resource: net::ERR_CONNECTION_REFUSED @ http://localhost:3333/:0
[ 1759985ms] [ERROR] Failed to load resource: net::ERR_CONNECTION_REFUSED @ http://localhost:3333/:0
[ 1760991ms] [ERROR] Failed to load resource: net::ERR_CONNECTION_REFUSED @ http://localhost:3333/:0
[ 1761995ms] [ERROR] Failed to load resource: net::ERR_CONNECTION_REFUSED @ http://localhost:3333/:0
[ 1763000ms] [ERROR] Failed to load resource: net::ERR_CONNECTION_REFUSED @ http://localhost:3333/:0
[ 1764003ms] [ERROR] Failed to load resource: net::ERR_CONNECTION_REFUSED @ http://localhost:3333/:0
[ 1765007ms] [ERROR] Failed to load resource: net::ERR_CONNECTION_REFUSED @ http://localhost:3333/:0
[ 1766011ms] [ERROR] Failed to load resource: net::ERR_CONNECTION_REFUSED @ http://localhost:3333/:0
[ 1767016ms] [ERROR] Failed to load resource: net::ERR_CONNECTION_REFUSED @ http://localhost:3333/:0
[ 1768020ms] [ERROR] Failed to load resource: net::ERR_CONNECTION_REFUSED @ http://localhost:3333/:0
[ 1769024ms] [ERROR] Failed to load resource: net::ERR_CONNECTION_REFUSED @ http://localhost:3333/:0
[ 1770027ms] [ERROR] Failed to load resource: net::ERR_CONNECTION_REFUSED @ http://localhost:3333/:0
[ 1771029ms] [ERROR] Failed to load resource: net::ERR_CONNECTION_REFUSED @ http://localhost:3333/:0
[ 1772033ms] [ERROR] Failed to load resource: net::ERR_CONNECTION_REFUSED @ http://localhost:3333/:0
[ 1773037ms] [ERROR] Failed to load resource: net::ERR_CONNECTION_REFUSED @ http://localhost:3333/:0
[ 1774069ms] [ERROR] Failed to load resource: net::ERR_CONNECTION_REFUSED @ http://localhost:3333/:0
[ 1775072ms] [ERROR] Failed to load resource: net::ERR_CONNECTION_REFUSED @ http://localhost:3333/:0
[ 1775547ms] [ERROR] Failed to load resource: net::ERR_CONNECTION_REFUSED @ http://localhost:3333/version.json?t=1787796916041:0
[ 1775547ms] [ERROR] 檢查版本更新失敗: TypeError: Failed to fetch
    at checkForUpdates (http://localhost:3333/src/App.vue?t=1787795475431:148:32) @ http://localhost:3333/src/App.vue?t=1787795475431:185
[ 1776075ms] [ERROR] Failed to load resource: net::ERR_CONNECTION_REFUSED @ http://localhost:3333/:0
[ 1777079ms] [ERROR] Failed to load resource: net::ERR_CONNECTION_REFUSED @ http://localhost:3333/:0
[ 1778084ms] [ERROR] Failed to load resource: net::ERR_CONNECTION_REFUSED @ http://localhost:3333/:0
[ 1779088ms] [ERROR] Failed to load resource: net::ERR_CONNECTION_REFUSED @ http://localhost:3333/:0
[ 1780092ms] [ERROR] Failed to load resource: net::ERR_CONNECTION_REFUSED @ http://localhost:3333/:0
[ 1781097ms] [ERROR] Failed to load resource: net::ERR_CONNECTION_REFUSED @ http://localhost:3333/:0
[ 1782101ms] [ERROR] Failed to load resource: net::ERR_CONNECTION_REFUSED @ http://localhost:3333/:0
[ 1783105ms] [ERROR] Failed to load resource: net::ERR_CONNECTION_REFUSED @ http://localhost:3333/:0
[ 1784109ms] [ERROR] Failed to load resource: net::ERR_CONNECTION_REFUSED @ http://localhost:3333/:0
[ 1785112ms] [ERROR] Failed to load resource: net::ERR_CONNECTION_REFUSED @ http://localhost:3333/:0
[ 1786116ms] [ERROR] Failed to load resource: net::ERR_CONNECTION_REFUSED @ http://localhost:3333/:0
[ 1787121ms] [ERROR] Failed to load resource: net::ERR_CONNECTION_REFUSED @ http://localhost:3333/:0
[ 1788123ms] [ERROR] Failed to load resource: net::ERR_CONNECTION_REFUSED @ http://localhost:3333/:0
[ 1789127ms] [ERROR] Failed to load resource: net::ERR_CONNECTION_REFUSED @ http://localhost:3333/:0
[ 1790131ms] [ERROR] Failed to load resource: net::ERR_CONNECTION_REFUSED @ http://localhost:3333/:0
[ 1791136ms] [ERROR] Failed to load resource: net::ERR_CONNECTION_REFUSED @ http://localhost:3333/:0
[ 1792138ms] [ERROR] Failed to load resource: net::ERR_CONNECTION_REFUSED @ http://localhost:3333/:0
[ 1793142ms] [ERROR] Failed to load resource: net::ERR_CONNECTION_REFUSED @ http://localhost:3333/:0
[ 1794145ms] [ERROR] Failed to load resource: net::ERR_CONNECTION_REFUSED @ http://localhost:3333/:0
[ 1795148ms] [ERROR] Failed to load resource: net::ERR_CONNECTION_REFUSED @ http://localhost:3333/:0
[ 1796151ms] [ERROR] Failed to load resource: net::ERR_CONNECTION_REFUSED @ http://localhost:3333/:0
[ 1797156ms] [ERROR] Failed to load resource: net::ERR_CONNECTION_REFUSED @ http://localhost:3333/:0
[ 1798160ms] [ERROR] Failed to load resource: net::ERR_CONNECTION_REFUSED @ http://localhost:3333/:0
[ 1799163ms] [ERROR] Failed to load resource: net::ERR_CONNECTION_REFUSED @ http://localhost:3333/:0
[ 1800166ms] [ERROR] Failed to load resource: net::ERR_CONNECTION_REFUSED @ http://localhost:3333/:0
[ 1801168ms] [ERROR] Failed to load resource: net::ERR_CONNECTION_REFUSED @ http://localhost:3333/:0
[ 1802171ms] [ERROR] Failed to load resource: net::ERR_CONNECTION_REFUSED @ http://localhost:3333/:0
[ 1803173ms] [ERROR] Failed to load resource: net::ERR_CONNECTION_REFUSED @ http://localhost:3333/:0
[ 1804175ms] [ERROR] Failed to load resource: net::ERR_CONNECTION_REFUSED @ http://localhost:3333/:0
[ 1805177ms] [ERROR] Failed to load resource: net::ERR_CONNECTION_REFUSED @ http://localhost:3333/:0
[ 1806179ms] [ERROR] Failed to load resource: net::ERR_CONNECTION_REFUSED @ http://localhost:3333/:0
[ 1807181ms] [ERROR] Failed to load resource: net::ERR_CONNECTION_REFUSED @ http://localhost:3333/:0
[ 1808183ms] [ERROR] Failed to load resource: net::ERR_CONNECTION_REFUSED @ http://localhost:3333/:0
[ 1809185ms] [ERROR] Failed to load resource: net::ERR_CONNECTION_REFUSED @ http://localhost:3333/:0
[ 1810187ms] [ERROR] Failed to load resource: net::ERR_CONNECTION_REFUSED @ http://localhost:3333/:0
[ 1811189ms] [ERROR] Failed to load resource: net::ERR_CONNECTION_REFUSED @ http://localhost:3333/:0
[ 1812192ms] [ERROR] Failed to load resource: net::ERR_CONNECTION_REFUSED @ http://localhost:3333/:0
[ 1813194ms] [ERROR] Failed to load resource: net::ERR_CONNECTION_REFUSED @ http://localhost:3333/:0
[ 1814196ms] [ERROR] Failed to load resource: net::ERR_CONNECTION_REFUSED @ http://localhost:3333/:0
[ 1815198ms] [ERROR] Failed to load resource: net::ERR_CONNECTION_REFUSED @ http://localhost:3333/:0
[ 1816200ms] [ERROR] Failed to load resource: net::ERR_CONNECTION_REFUSED @ http://localhost:3333/:0
[ 1817202ms] [ERROR] Failed to load resource: net::ERR_CONNECTION_REFUSED @ http://localhost:3333/:0
[ 1818205ms] [ERROR] Failed to load resource: net::ERR_CONNECTION_REFUSED @ http://localhost:3333/:0
[ 1819207ms] [ERROR] Failed to load resource: net::ERR_CONNECTION_REFUSED @ http://localhost:3333/:0
[ 1820210ms] [ERROR] Failed to load resource: net::ERR_CONNECTION_REFUSED @ http://localhost:3333/:0
[ 1821213ms] [ERROR] Failed to load resource: net::ERR_CONNECTION_REFUSED @ http://localhost:3333/:0
[ 1822217ms] [ERROR] Failed to load resource: net::ERR_CONNECTION_REFUSED @ http://localhost:3333/:0
[ 1823219ms] [ERROR] Failed to load resource: net::ERR_CONNECTION_REFUSED @ http://localhost:3333/:0
[ 1824223ms] [ERROR] Failed to load resource: net::ERR_CONNECTION_REFUSED @ http://localhost:3333/:0
[ 1825228ms] [ERROR] Failed to load resource: net::ERR_CONNECTION_REFUSED @ http://localhost:3333/:0
[ 1826234ms] [ERROR] Failed to load resource: net::ERR_CONNECTION_REFUSED @ http://localhost:3333/:0
[ 1827238ms] [ERROR] Failed to load resource: net::ERR_CONNECTION_REFUSED @ http://localhost:3333/:0
[ 1828240ms] [ERROR] Failed to load resource: net::ERR_CONNECTION_REFUSED @ http://localhost:3333/:0
[ 1829242ms] [ERROR] Failed to load resource: net::ERR_CONNECTION_REFUSED @ http://localhost:3333/:0
[ 1830244ms] [ERROR] Failed to load resource: net::ERR_CONNECTION_REFUSED @ http://localhost:3333/:0
[ 1831247ms] [ERROR] Failed to load resource: net::ERR_CONNECTION_REFUSED @ http://localhost:3333/:0
[ 1832251ms] [ERROR] Failed to load resource: net::ERR_CONNECTION_REFUSED @ http://localhost:3333/:0
[ 1833254ms] [ERROR] Failed to load resource: net::ERR_CONNECTION_REFUSED @ http://localhost:3333/:0
[ 1834257ms] [ERROR] Failed to load resource: net::ERR_CONNECTION_REFUSED @ http://localhost:3333/:0
[ 1835260ms] [ERROR] Failed to load resource: net::ERR_CONNECTION_REFUSED @ http://localhost:3333/:0
[ 1835545ms] [ERROR] Failed to load resource: net::ERR_CONNECTION_REFUSED @ http://localhost:3333/version.json?t=1787796976041:0
[ 1835545ms] [ERROR] 檢查版本更新失敗: TypeError: Failed to fetch
    at checkForUpdates (http://localhost:3333/src/App.vue?t=1787795475431:148:32) @ http://localhost:3333/src/App.vue?t=1787795475431:185
[ 1836261ms] [ERROR] Failed to load resource: net::ERR_CONNECTION_REFUSED @ http://localhost:3333/:0
[ 1837264ms] [ERROR] Failed to load resource: net::ERR_CONNECTION_REFUSED @ http://localhost:3333/:0
[ 1838266ms] [ERROR] Failed to load resource: net::ERR_CONNECTION_REFUSED @ http://localhost:3333/:0
[ 1839269ms] [ERROR] Failed to load resource: net::ERR_CONNECTION_REFUSED @ http://localhost:3333/:0
[ 1840272ms] [ERROR] Failed to load resource: net::ERR_CONNECTION_REFUSED @ http://localhost:3333/:0
[ 1841276ms] [ERROR] Failed to load resource: net::ERR_CONNECTION_REFUSED @ http://localhost:3333/:0
[ 1842278ms] [ERROR] Failed to load resource: net::ERR_CONNECTION_REFUSED @ http://localhost:3333/:0
[ 1843280ms] [ERROR] Failed to load resource: net::ERR_CONNECTION_REFUSED @ http://localhost:3333/:0
[ 1844283ms] [ERROR] Failed to load resource: net::ERR_CONNECTION_REFUSED @ http://localhost:3333/:0
[ 1845285ms] [ERROR] Failed to load resource: net::ERR_CONNECTION_REFUSED @ http://localhost:3333/:0
[ 1846289ms] [ERROR] Failed to load resource: net::ERR_CONNECTION_REFUSED @ http://localhost:3333/:0
[ 1847293ms] [ERROR] Failed to load resource: net::ERR_CONNECTION_REFUSED @ http://localhost:3333/:0
[ 1848295ms] [ERROR] Failed to load resource: net::ERR_CONNECTION_REFUSED @ http://localhost:3333/:0
[ 1849299ms] [ERROR] Failed to load resource: net::ERR_CONNECTION_REFUSED @ http://localhost:3333/:0
[ 1850304ms] [ERROR] Failed to load resource: net::ERR_CONNECTION_REFUSED @ http://localhost:3333/:0
[ 1851308ms] [ERROR] Failed to load resource: net::ERR_CONNECTION_REFUSED @ http://localhost:3333/:0
[ 1852311ms] [ERROR] Failed to load resource: net::ERR_CONNECTION_REFUSED @ http://localhost:3333/:0
[ 1853313ms] [ERROR] Failed to load resource: net::ERR_CONNECTION_REFUSED @ http://localhost:3333/:0
[ 1854316ms] [ERROR] Failed to load resource: net::ERR_CONNECTION_REFUSED @ http://localhost:3333/:0
[ 1855319ms] [ERROR] Failed to load resource: net::ERR_CONNECTION_REFUSED @ http://localhost:3333/:0
[ 1856323ms] [ERROR] Failed to load resource: net::ERR_CONNECTION_REFUSED @ http://localhost:3333/:0
[ 1857327ms] [ERROR] Failed to load resource: net::ERR_CONNECTION_REFUSED @ http://localhost:3333/:0
[ 1858330ms] [ERROR] Failed to load resource: net::ERR_CONNECTION_REFUSED @ http://localhost:3333/:0
[ 1859333ms] [ERROR] Failed to load resource: net::ERR_CONNECTION_REFUSED @ http://localhost:3333/:0
[ 1860338ms] [ERROR] Failed to load resource: net::ERR_CONNECTION_REFUSED @ http://localhost:3333/:0
[ 1861343ms] [ERROR] Failed to load resource: net::ERR_CONNECTION_REFUSED @ http://localhost:3333/:0
[ 1862348ms] [ERROR] Failed to load resource: net::ERR_CONNECTION_REFUSED @ http://localhost:3333/:0
[ 1863351ms] [ERROR] Failed to load resource: net::ERR_CONNECTION_REFUSED @ http://localhost:3333/:0
[ 1864357ms] [ERROR] Failed to load resource: net::ERR_CONNECTION_REFUSED @ http://localhost:3333/:0
[ 1865362ms] [ERROR] Failed to load resource: net::ERR_CONNECTION_REFUSED @ http://localhost:3333/:0
[ 1866365ms] [ERROR] Failed to load resource: net::ERR_CONNECTION_REFUSED @ http://localhost:3333/:0
[ 1867369ms] [ERROR] Failed to load resource: net::ERR_CONNECTION_REFUSED @ http://localhost:3333/:0
[ 1868372ms] [ERROR] Failed to load resource: net::ERR_CONNECTION_REFUSED @ http://localhost:3333/:0
[ 1869378ms] [ERROR] Failed to load resource: net::ERR_CONNECTION_REFUSED @ http://localhost:3333/:0
[ 1870384ms] [ERROR] Failed to load resource: net::ERR_CONNECTION_REFUSED @ http://localhost:3333/:0
[ 1871388ms] [ERROR] Failed to load resource: net::ERR_CONNECTION_REFUSED @ http://localhost:3333/:0
[ 1872394ms] [ERROR] Failed to load resource: net::ERR_CONNECTION_REFUSED @ http://localhost:3333/:0
[ 1873397ms] [ERROR] Failed to load resource: net::ERR_CONNECTION_REFUSED @ http://localhost:3333/:0
[ 1874401ms] [ERROR] Failed to load resource: net::ERR_CONNECTION_REFUSED @ http://localhost:3333/:0
[ 1875405ms] [ERROR] Failed to load resource: net::ERR_CONNECTION_REFUSED @ http://localhost:3333/:0
[ 1876410ms] [ERROR] Failed to load resource: net::ERR_CONNECTION_REFUSED @ http://localhost:3333/:0
[ 1877414ms] [ERROR] Failed to load resource: net::ERR_CONNECTION_REFUSED @ http://localhost:3333/:0
[ 1878417ms] [ERROR] Failed to load resource: net::ERR_CONNECTION_REFUSED @ http://localhost:3333/:0
[ 1879421ms] [ERROR] Failed to load resource: net::ERR_CONNECTION_REFUSED @ http://localhost:3333/:0
[ 1880426ms] [ERROR] Failed to load resource: net::ERR_CONNECTION_REFUSED @ http://localhost:3333/:0
[ 1881431ms] [ERROR] Failed to load resource: net::ERR_CONNECTION_REFUSED @ http://localhost:3333/:0
[ 1882435ms] [ERROR] Failed to load resource: net::ERR_CONNECTION_REFUSED @ http://localhost:3333/:0
[ 1883439ms] [ERROR] Failed to load resource: net::ERR_CONNECTION_REFUSED @ http://localhost:3333/:0
[ 1884444ms] [ERROR] Failed to load resource: net::ERR_CONNECTION_REFUSED @ http://localhost:3333/:0
[ 1885449ms] [ERROR] Failed to load resource: net::ERR_CONNECTION_REFUSED @ http://localhost:3333/:0
[ 1886452ms] [ERROR] Failed to load resource: net::ERR_CONNECTION_REFUSED @ http://localhost:3333/:0
[ 1887456ms] [ERROR] Failed to load resource: net::ERR_CONNECTION_REFUSED @ http://localhost:3333/:0
[ 1888459ms] [ERROR] Failed to load resource: net::ERR_CONNECTION_REFUSED @ http://localhost:3333/:0
[ 1889463ms] [ERROR] Failed to load resource: net::ERR_CONNECTION_REFUSED @ http://localhost:3333/:0
[ 1890468ms] [ERROR] Failed to load resource: net::ERR_CONNECTION_REFUSED @ http://localhost:3333/:0
[ 1891473ms] [ERROR] Failed to load resource: net::ERR_CONNECTION_REFUSED @ http://localhost:3333/:0
[ 1892477ms] [ERROR] Failed to load resource: net::ERR_CONNECTION_REFUSED @ http://localhost:3333/:0
[ 1893480ms] [ERROR] Failed to load resource: net::ERR_CONNECTION_REFUSED @ http://localhost:3333/:0
[ 1894484ms] [ERROR] Failed to load resource: net::ERR_CONNECTION_REFUSED @ http://localhost:3333/:0
[ 1895489ms] [ERROR] Failed to load resource: net::ERR_CONNECTION_REFUSED @ http://localhost:3333/:0
[ 1895563ms] [ERROR] Failed to load resource: net::ERR_CONNECTION_REFUSED @ http://localhost:3333/version.json?t=1787797036059:0
[ 1895563ms] [ERROR] 檢查版本更新失敗: TypeError: Failed to fetch
    at checkForUpdates (http://localhost:3333/src/App.vue?t=1787795475431:148:32) @ http://localhost:3333/src/App.vue?t=1787795475431:185
[ 1896493ms] [ERROR] Failed to load resource: net::ERR_CONNECTION_REFUSED @ http://localhost:3333/:0
[ 1897496ms] [ERROR] Failed to load resource: net::ERR_CONNECTION_REFUSED @ http://localhost:3333/:0
[ 1898500ms] [ERROR] Failed to load resource: net::ERR_CONNECTION_REFUSED @ http://localhost:3333/:0
[ 1899505ms] [ERROR] Failed to load resource: net::ERR_CONNECTION_REFUSED @ http://localhost:3333/:0
[ 1900509ms] [ERROR] Failed to load resource: net::ERR_CONNECTION_REFUSED @ http://localhost:3333/:0
[ 1901512ms] [ERROR] Failed to load resource: net::ERR_CONNECTION_REFUSED @ http://localhost:3333/:0
[ 1902516ms] [ERROR] Failed to load resource: net::ERR_CONNECTION_REFUSED @ http://localhost:3333/:0
[ 1903519ms] [ERROR] Failed to load resource: net::ERR_CONNECTION_REFUSED @ http://localhost:3333/:0
[ 1904522ms] [ERROR] Failed to load resource: net::ERR_CONNECTION_REFUSED @ http://localhost:3333/:0
[ 1905525ms] [ERROR] Failed to load resource: net::ERR_CONNECTION_REFUSED @ http://localhost:3333/:0
[ 1906528ms] [ERROR] Failed to load resource: net::ERR_CONNECTION_REFUSED @ http://localhost:3333/:0
[ 1907531ms] [ERROR] Failed to load resource: net::ERR_CONNECTION_REFUSED @ http://localhost:3333/:0
[ 1908534ms] [ERROR] Failed to load resource: net::ERR_CONNECTION_REFUSED @ http://localhost:3333/:0
[ 1909537ms] [ERROR] Failed to load resource: net::ERR_CONNECTION_REFUSED @ http://localhost:3333/:0
[ 1910541ms] [ERROR] Failed to load resource: net::ERR_CONNECTION_REFUSED @ http://localhost:3333/:0
[ 1911545ms] [ERROR] Failed to load resource: net::ERR_CONNECTION_REFUSED @ http://localhost:3333/:0
[ 1912548ms] [ERROR] Failed to load resource: net::ERR_CONNECTION_REFUSED @ http://localhost:3333/:0
[ 1913551ms] [ERROR] Failed to load resource: net::ERR_CONNECTION_REFUSED @ http://localhost:3333/:0
[ 1914554ms] [ERROR] Failed to load resource: net::ERR_CONNECTION_REFUSED @ http://localhost:3333/:0
[ 1915558ms] [ERROR] Failed to load resource: net::ERR_CONNECTION_REFUSED @ http://localhost:3333/:0
[ 1916561ms] [ERROR] Failed to load resource: net::ERR_CONNECTION_REFUSED @ http://localhost:3333/:0
[ 1917565ms] [ERROR] Failed to load resource: net::ERR_CONNECTION_REFUSED @ http://localhost:3333/:0
[ 1918568ms] [ERROR] Failed to load resource: net::ERR_CONNECTION_REFUSED @ http://localhost:3333/:0
[ 1919572ms] [ERROR] Failed to load resource: net::ERR_CONNECTION_REFUSED @ http://localhost:3333/:0
[ 1920575ms] [ERROR] Failed to load resource: net::ERR_CONNECTION_REFUSED @ http://localhost:3333/:0
[ 1921580ms] [ERROR] Failed to load resource: net::ERR_CONNECTION_REFUSED @ http://localhost:3333/:0
[ 1922583ms] [ERROR] Failed to load resource: net::ERR_CONNECTION_REFUSED @ http://localhost:3333/:0
[ 1923586ms] [ERROR] Failed to load resource: net::ERR_CONNECTION_REFUSED @ http://localhost:3333/:0
[ 1924591ms] [ERROR] Failed to load resource: net::ERR_CONNECTION_REFUSED @ http://localhost:3333/:0
[ 1925595ms] [ERROR] Failed to load resource: net::ERR_CONNECTION_REFUSED @ http://localhost:3333/:0
[ 1926598ms] [ERROR] Failed to load resource: net::ERR_CONNECTION_REFUSED @ http://localhost:3333/:0
[ 1927602ms] [ERROR] Failed to load resource: net::ERR_CONNECTION_REFUSED @ http://localhost:3333/:0
[ 1928609ms] [ERROR] Failed to load resource: net::ERR_CONNECTION_REFUSED @ http://localhost:3333/:0
[ 1929613ms] [ERROR] Failed to load resource: net::ERR_CONNECTION_REFUSED @ http://localhost:3333/:0
[ 1930619ms] [ERROR] Failed to load resource: net::ERR_CONNECTION_REFUSED @ http://localhost:3333/:0
[ 1931622ms] [ERROR] Failed to load resource: net::ERR_CONNECTION_REFUSED @ http://localhost:3333/:0
[ 1932625ms] [ERROR] Failed to load resource: net::ERR_CONNECTION_REFUSED @ http://localhost:3333/:0
[ 1933628ms] [ERROR] Failed to load resource: net::ERR_CONNECTION_REFUSED @ http://localhost:3333/:0
[ 1934632ms] [ERROR] Failed to load resource: net::ERR_CONNECTION_REFUSED @ http://localhost:3333/:0
[ 1935635ms] [ERROR] Failed to load resource: net::ERR_CONNECTION_REFUSED @ http://localhost:3333/:0
[ 1936640ms] [ERROR] Failed to load resource: net::ERR_CONNECTION_REFUSED @ http://localhost:3333/:0
[ 1937645ms] [ERROR] Failed to load resource: net::ERR_CONNECTION_REFUSED @ http://localhost:3333/:0
[ 1938649ms] [ERROR] Failed to load resource: net::ERR_CONNECTION_REFUSED @ http://localhost:3333/:0
[ 1939652ms] [ERROR] Failed to load resource: net::ERR_CONNECTION_REFUSED @ http://localhost:3333/:0
[ 1940656ms] [ERROR] Failed to load resource: net::ERR_CONNECTION_REFUSED @ http://localhost:3333/:0
[ 1941658ms] [ERROR] Failed to load resource: net::ERR_CONNECTION_REFUSED @ http://localhost:3333/:0
[ 1942669ms] [ERROR] Failed to load resource: net::ERR_CONNECTION_REFUSED @ http://localhost:3333/:0
[ 1943674ms] [ERROR] Failed to load resource: net::ERR_CONNECTION_REFUSED @ http://localhost:3333/:0
[ 1944678ms] [ERROR] Failed to load resource: net::ERR_CONNECTION_REFUSED @ http://localhost:3333/:0
[ 1945681ms] [ERROR] Failed to load resource: net::ERR_CONNECTION_REFUSED @ http://localhost:3333/:0
[ 1946686ms] [ERROR] Failed to load resource: net::ERR_CONNECTION_REFUSED @ http://localhost:3333/:0
[ 1947691ms] [ERROR] Failed to load resource: net::ERR_CONNECTION_REFUSED @ http://localhost:3333/:0
[ 1948699ms] [ERROR] Failed to load resource: net::ERR_CONNECTION_REFUSED @ http://localhost:3333/:0
[ 1949703ms] [ERROR] Failed to load resource: net::ERR_CONNECTION_REFUSED @ http://localhost:3333/:0
[ 1950708ms] [ERROR] Failed to load resource: net::ERR_CONNECTION_REFUSED @ http://localhost:3333/:0
[ 1951713ms] [ERROR] Failed to load resource: net::ERR_CONNECTION_REFUSED @ http://localhost:3333/:0
[ 1952717ms] [ERROR] Failed to load resource: net::ERR_CONNECTION_REFUSED @ http://localhost:3333/:0
[ 1953720ms] [ERROR] Failed to load resource: net::ERR_CONNECTION_REFUSED @ http://localhost:3333/:0
[ 1954725ms] [ERROR] Failed to load resource: net::ERR_CONNECTION_REFUSED @ http://localhost:3333/:0
[ 1955564ms] [ERROR] Failed to load resource: net::ERR_CONNECTION_REFUSED @ http://localhost:3333/version.json?t=1787797096060:0
[ 1955564ms] [ERROR] 檢查版本更新失敗: TypeError: Failed to fetch
    at checkForUpdates (http://localhost:3333/src/App.vue?t=1787795475431:148:32) @ http://localhost:3333/src/App.vue?t=1787795475431:185
[ 1955729ms] [ERROR] Failed to load resource: net::ERR_CONNECTION_REFUSED @ http://localhost:3333/:0
[ 1956734ms] [ERROR] Failed to load resource: net::ERR_CONNECTION_REFUSED @ http://localhost:3333/:0
[ 1957737ms] [ERROR] Failed to load resource: net::ERR_CONNECTION_REFUSED @ http://localhost:3333/:0
[ 1958741ms] [ERROR] Failed to load resource: net::ERR_CONNECTION_REFUSED @ http://localhost:3333/:0
[ 1959745ms] [ERROR] Failed to load resource: net::ERR_CONNECTION_REFUSED @ http://localhost:3333/:0
[ 1960748ms] [ERROR] Failed to load resource: net::ERR_CONNECTION_REFUSED @ http://localhost:3333/:0
[ 1961751ms] [ERROR] Failed to load resource: net::ERR_CONNECTION_REFUSED @ http://localhost:3333/:0
[ 1962754ms] [ERROR] Failed to load resource: net::ERR_CONNECTION_REFUSED @ http://localhost:3333/:0
[ 1963758ms] [ERROR] Failed to load resource: net::ERR_CONNECTION_REFUSED @ http://localhost:3333/:0
[ 1964762ms] [ERROR] Failed to load resource: net::ERR_CONNECTION_REFUSED @ http://localhost:3333/:0
[ 1965764ms] [ERROR] Failed to load resource: net::ERR_CONNECTION_REFUSED @ http://localhost:3333/:0
[ 1966766ms] [ERROR] Failed to load resource: net::ERR_CONNECTION_REFUSED @ http://localhost:3333/:0
[ 1967772ms] [ERROR] Failed to load resource: net::ERR_CONNECTION_REFUSED @ http://localhost:3333/:0
[ 1968776ms] [ERROR] Failed to load resource: net::ERR_CONNECTION_REFUSED @ http://localhost:3333/:0
[ 1969780ms] [ERROR] Failed to load resource: net::ERR_CONNECTION_REFUSED @ http://localhost:3333/:0
[ 1970784ms] [ERROR] Failed to load resource: net::ERR_CONNECTION_REFUSED @ http://localhost:3333/:0
[ 1971789ms] [ERROR] Failed to load resource: net::ERR_CONNECTION_REFUSED @ http://localhost:3333/:0
[ 1972793ms] [ERROR] Failed to load resource: net::ERR_CONNECTION_REFUSED @ http://localhost:3333/:0
[ 1973796ms] [ERROR] Failed to load resource: net::ERR_CONNECTION_REFUSED @ http://localhost:3333/:0
[ 1974799ms] [ERROR] Failed to load resource: net::ERR_CONNECTION_REFUSED @ http://localhost:3333/:0
[ 1975801ms] [ERROR] Failed to load resource: net::ERR_CONNECTION_REFUSED @ http://localhost:3333/:0
[ 1976803ms] [ERROR] Failed to load resource: net::ERR_CONNECTION_REFUSED @ http://localhost:3333/:0
[ 1977805ms] [ERROR] Failed to load resource: net::ERR_CONNECTION_REFUSED @ http://localhost:3333/:0
[ 1978808ms] [ERROR] Failed to load resource: net::ERR_CONNECTION_REFUSED @ http://localhost:3333/:0
[ 1979810ms] [ERROR] Failed to load resource: net::ERR_CONNECTION_REFUSED @ http://localhost:3333/:0
[ 1980812ms] [ERROR] Failed to load resource: net::ERR_CONNECTION_REFUSED @ http://localhost:3333/:0
[ 1981815ms] [ERROR] Failed to load resource: net::ERR_CONNECTION_REFUSED @ http://localhost:3333/:0
[ 1982817ms] [ERROR] Failed to load resource: net::ERR_CONNECTION_REFUSED @ http://localhost:3333/:0
[ 1983820ms] [ERROR] Failed to load resource: net::ERR_CONNECTION_REFUSED @ http://localhost:3333/:0
[ 1984822ms] [ERROR] Failed to load resource: net::ERR_CONNECTION_REFUSED @ http://localhost:3333/:0
[ 1985824ms] [ERROR] Failed to load resource: net::ERR_CONNECTION_REFUSED @ http://localhost:3333/:0
[ 1986826ms] [ERROR] Failed to load resource: net::ERR_CONNECTION_REFUSED @ http://localhost:3333/:0
[ 1987839ms] [ERROR] Failed to load resource: net::ERR_CONNECTION_REFUSED @ http://localhost:3333/:0
[ 1988843ms] [ERROR] Failed to load resource: net::ERR_CONNECTION_REFUSED @ http://localhost:3333/:0
[ 1989856ms] [ERROR] Failed to load resource: net::ERR_CONNECTION_REFUSED @ http://localhost:3333/:0
[ 1990861ms] [ERROR] Failed to load resource: net::ERR_CONNECTION_REFUSED @ http://localhost:3333/:0
[ 1991863ms] [ERROR] Failed to load resource: net::ERR_CONNECTION_REFUSED @ http://localhost:3333/:0
[ 1992867ms] [ERROR] Failed to load resource: net::ERR_CONNECTION_REFUSED @ http://localhost:3333/:0
[ 1993871ms] [ERROR] Failed to load resource: net::ERR_CONNECTION_REFUSED @ http://localhost:3333/:0
[ 1994877ms] [ERROR] Failed to load resource: net::ERR_CONNECTION_REFUSED @ http://localhost:3333/:0
[ 1995881ms] [ERROR] Failed to load resource: net::ERR_CONNECTION_REFUSED @ http://localhost:3333/:0
[ 1996883ms] [ERROR] Failed to load resource: net::ERR_CONNECTION_REFUSED @ http://localhost:3333/:0
[ 1997891ms] [ERROR] Failed to load resource: net::ERR_CONNECTION_REFUSED @ http://localhost:3333/:0
[ 1998919ms] [ERROR] Failed to load resource: net::ERR_CONNECTION_REFUSED @ http://localhost:3333/:0
[ 1999927ms] [ERROR] Failed to load resource: net::ERR_CONNECTION_REFUSED @ http://localhost:3333/:0
[ 2000929ms] [ERROR] Failed to load resource: net::ERR_CONNECTION_REFUSED @ http://localhost:3333/:0
[ 2001932ms] [ERROR] Failed to load resource: net::ERR_CONNECTION_REFUSED @ http://localhost:3333/:0
[ 2002939ms] [ERROR] Failed to load resource: net::ERR_CONNECTION_REFUSED @ http://localhost:3333/:0
[ 2003943ms] [ERROR] Failed to load resource: net::ERR_CONNECTION_REFUSED @ http://localhost:3333/:0
[ 2004946ms] [ERROR] Failed to load resource: net::ERR_CONNECTION_REFUSED @ http://localhost:3333/:0
[ 2005950ms] [ERROR] Failed to load resource: net::ERR_CONNECTION_REFUSED @ http://localhost:3333/:0
[ 2006952ms] [ERROR] Failed to load resource: net::ERR_CONNECTION_REFUSED @ http://localhost:3333/:0
[ 2007955ms] [ERROR] Failed to load resource: net::ERR_CONNECTION_REFUSED @ http://localhost:3333/:0
[ 2008959ms] [ERROR] Failed to load resource: net::ERR_CONNECTION_REFUSED @ http://localhost:3333/:0
[ 2009964ms] [ERROR] Failed to load resource: net::ERR_CONNECTION_REFUSED @ http://localhost:3333/:0
[ 2010969ms] [ERROR] Failed to load resource: net::ERR_CONNECTION_REFUSED @ http://localhost:3333/:0
[ 2011972ms] [ERROR] Failed to load resource: net::ERR_CONNECTION_REFUSED @ http://localhost:3333/:0
[ 2012976ms] [ERROR] Failed to load resource: net::ERR_CONNECTION_REFUSED @ http://localhost:3333/:0
[ 2013979ms] [ERROR] Failed to load resource: net::ERR_CONNECTION_REFUSED @ http://localhost:3333/:0
[ 2014983ms] [ERROR] Failed to load resource: net::ERR_CONNECTION_REFUSED @ http://localhost:3333/:0
[ 2015565ms] [ERROR] Failed to load resource: net::ERR_CONNECTION_REFUSED @ http://localhost:3333/version.json?t=1787797156061:0
[ 2015565ms] [ERROR] 檢查版本更新失敗: TypeError: Failed to fetch
    at checkForUpdates (http://localhost:3333/src/App.vue?t=1787795475431:148:32) @ http://localhost:3333/src/App.vue?t=1787795475431:185
[ 2015986ms] [ERROR] Failed to load resource: net::ERR_CONNECTION_REFUSED @ http://localhost:3333/:0
[ 2016990ms] [ERROR] Failed to load resource: net::ERR_CONNECTION_REFUSED @ http://localhost:3333/:0
[ 2017993ms] [ERROR] Failed to load resource: net::ERR_CONNECTION_REFUSED @ http://localhost:3333/:0
[ 2018998ms] [ERROR] Failed to load resource: net::ERR_CONNECTION_REFUSED @ http://localhost:3333/:0
[ 2020001ms] [ERROR] Failed to load resource: net::ERR_CONNECTION_REFUSED @ http://localhost:3333/:0
[ 2021003ms] [ERROR] Failed to load resource: net::ERR_CONNECTION_REFUSED @ http://localhost:3333/:0
[ 2022007ms] [ERROR] Failed to load resource: net::ERR_CONNECTION_REFUSED @ http://localhost:3333/:0
[ 2023012ms] [ERROR] Failed to load resource: net::ERR_CONNECTION_REFUSED @ http://localhost:3333/:0
[ 2024015ms] [ERROR] Failed to load resource: net::ERR_CONNECTION_REFUSED @ http://localhost:3333/:0
[ 2025020ms] [ERROR] Failed to load resource: net::ERR_CONNECTION_REFUSED @ http://localhost:3333/:0
[ 2026024ms] [ERROR] Failed to load resource: net::ERR_CONNECTION_REFUSED @ http://localhost:3333/:0
[ 2027028ms] [ERROR] Failed to load resource: net::ERR_CONNECTION_REFUSED @ http://localhost:3333/:0
[ 2028031ms] [ERROR] Failed to load resource: net::ERR_CONNECTION_REFUSED @ http://localhost:3333/:0
[ 2029034ms] [ERROR] Failed to load resource: net::ERR_CONNECTION_REFUSED @ http://localhost:3333/:0
[ 2030038ms] [ERROR] Failed to load resource: net::ERR_CONNECTION_REFUSED @ http://localhost:3333/:0
[ 2031040ms] [ERROR] Failed to load resource: net::ERR_CONNECTION_REFUSED @ http://localhost:3333/:0
[ 2032044ms] [ERROR] Failed to load resource: net::ERR_CONNECTION_REFUSED @ http://localhost:3333/:0
[ 2033047ms] [ERROR] Failed to load resource: net::ERR_CONNECTION_REFUSED @ http://localhost:3333/:0
[ 2034051ms] [ERROR] Failed to load resource: net::ERR_CONNECTION_REFUSED @ http://localhost:3333/:0
[ 2035054ms] [ERROR] Failed to load resource: net::ERR_CONNECTION_REFUSED @ http://localhost:3333/:0
[ 2036061ms] [ERROR] Failed to load resource: net::ERR_CONNECTION_REFUSED @ http://localhost:3333/:0
[ 2037071ms] [ERROR] Failed to load resource: net::ERR_CONNECTION_REFUSED @ http://localhost:3333/:0
[ 2038075ms] [ERROR] Failed to load resource: net::ERR_CONNECTION_REFUSED @ http://localhost:3333/:0
[ 2039078ms] [ERROR] Failed to load resource: net::ERR_CONNECTION_REFUSED @ http://localhost:3333/:0
[ 2040081ms] [ERROR] Failed to load resource: net::ERR_CONNECTION_REFUSED @ http://localhost:3333/:0
[ 2041084ms] [ERROR] Failed to load resource: net::ERR_CONNECTION_REFUSED @ http://localhost:3333/:0
[ 2042087ms] [ERROR] Failed to load resource: net::ERR_CONNECTION_REFUSED @ http://localhost:3333/:0
[ 2043102ms] [ERROR] Failed to load resource: net::ERR_CONNECTION_REFUSED @ http://localhost:3333/:0
[ 2044105ms] [ERROR] Failed to load resource: net::ERR_CONNECTION_REFUSED @ http://localhost:3333/:0
[ 2045107ms] [ERROR] Failed to load resource: net::ERR_CONNECTION_REFUSED @ http://localhost:3333/:0
[ 2046123ms] [ERROR] Failed to load resource: net::ERR_CONNECTION_REFUSED @ http://localhost:3333/:0
[ 2047126ms] [ERROR] Failed to load resource: net::ERR_CONNECTION_REFUSED @ http://localhost:3333/:0
[ 2048133ms] [ERROR] Failed to load resource: net::ERR_CONNECTION_REFUSED @ http://localhost:3333/:0
[ 2049136ms] [ERROR] Failed to load resource: net::ERR_CONNECTION_REFUSED @ http://localhost:3333/:0
[ 2050141ms] [ERROR] Failed to load resource: net::ERR_CONNECTION_REFUSED @ http://localhost:3333/:0
[ 2051144ms] [ERROR] Failed to load resource: net::ERR_CONNECTION_REFUSED @ http://localhost:3333/:0
[ 2052150ms] [ERROR] Failed to load resource: net::ERR_CONNECTION_REFUSED @ http://localhost:3333/:0
[ 2053154ms] [ERROR] Failed to load resource: net::ERR_CONNECTION_REFUSED @ http://localhost:3333/:0
[ 2054158ms] [ERROR] Failed to load resource: net::ERR_CONNECTION_REFUSED @ http://localhost:3333/:0
[ 2055163ms] [ERROR] Failed to load resource: net::ERR_CONNECTION_REFUSED @ http://localhost:3333/:0
[ 2056169ms] [ERROR] Failed to load resource: net::ERR_CONNECTION_REFUSED @ http://localhost:3333/:0
[ 2057173ms] [ERROR] Failed to load resource: net::ERR_CONNECTION_REFUSED @ http://localhost:3333/:0
[ 2058177ms] [ERROR] Failed to load resource: net::ERR_CONNECTION_REFUSED @ http://localhost:3333/:0
[ 2059181ms] [ERROR] Failed to load resource: net::ERR_CONNECTION_REFUSED @ http://localhost:3333/:0
[ 2060184ms] [ERROR] Failed to load resource: net::ERR_CONNECTION_REFUSED @ http://localhost:3333/:0
[ 2061186ms] [ERROR] Failed to load resource: net::ERR_CONNECTION_REFUSED @ http://localhost:3333/:0
[ 2062188ms] [ERROR] Failed to load resource: net::ERR_CONNECTION_REFUSED @ http://localhost:3333/:0
[ 2063190ms] [ERROR] Failed to load resource: net::ERR_CONNECTION_REFUSED @ http://localhost:3333/:0
[ 2064192ms] [ERROR] Failed to load resource: net::ERR_CONNECTION_REFUSED @ http://localhost:3333/:0
[ 2065194ms] [ERROR] Failed to load resource: net::ERR_CONNECTION_REFUSED @ http://localhost:3333/:0
[ 2066196ms] [ERROR] Failed to load resource: net::ERR_CONNECTION_REFUSED @ http://localhost:3333/:0
[ 2067199ms] [ERROR] Failed to load resource: net::ERR_CONNECTION_REFUSED @ http://localhost:3333/:0
[ 2068201ms] [ERROR] Failed to load resource: net::ERR_CONNECTION_REFUSED @ http://localhost:3333/:0
[ 2069204ms] [ERROR] Failed to load resource: net::ERR_CONNECTION_REFUSED @ http://localhost:3333/:0
[ 2070207ms] [ERROR] Failed to load resource: net::ERR_CONNECTION_REFUSED @ http://localhost:3333/:0
[ 2071209ms] [ERROR] Failed to load resource: net::ERR_CONNECTION_REFUSED @ http://localhost:3333/:0
[ 2072211ms] [ERROR] Failed to load resource: net::ERR_CONNECTION_REFUSED @ http://localhost:3333/:0
[ 2073213ms] [ERROR] Failed to load resource: net::ERR_CONNECTION_REFUSED @ http://localhost:3333/:0
[ 2074215ms] [ERROR] Failed to load resource: net::ERR_CONNECTION_REFUSED @ http://localhost:3333/:0
[ 2075217ms] [ERROR] Failed to load resource: net::ERR_CONNECTION_REFUSED @ http://localhost:3333/:0
[ 2075564ms] [ERROR] Failed to load resource: net::ERR_CONNECTION_REFUSED @ http://localhost:3333/version.json?t=1787797216061:0
[ 2075565ms] [ERROR] 檢查版本更新失敗: TypeError: Failed to fetch
    at checkForUpdates (http://localhost:3333/src/App.vue?t=1787795475431:148:32) @ http://localhost:3333/src/App.vue?t=1787795475431:185
[ 2076219ms] [ERROR] Failed to load resource: net::ERR_CONNECTION_REFUSED @ http://localhost:3333/:0
[ 2077221ms] [ERROR] Failed to load resource: net::ERR_CONNECTION_REFUSED @ http://localhost:3333/:0
[ 2078224ms] [ERROR] Failed to load resource: net::ERR_CONNECTION_REFUSED @ http://localhost:3333/:0
[ 2079226ms] [ERROR] Failed to load resource: net::ERR_CONNECTION_REFUSED @ http://localhost:3333/:0
[ 2080228ms] [ERROR] Failed to load resource: net::ERR_CONNECTION_REFUSED @ http://localhost:3333/:0
[ 2081230ms] [ERROR] Failed to load resource: net::ERR_CONNECTION_REFUSED @ http://localhost:3333/:0
[ 2082231ms] [ERROR] Failed to load resource: net::ERR_CONNECTION_REFUSED @ http://localhost:3333/:0
[ 2083233ms] [ERROR] Failed to load resource: net::ERR_CONNECTION_REFUSED @ http://localhost:3333/:0
[ 2084236ms] [ERROR] Failed to load resource: net::ERR_CONNECTION_REFUSED @ http://localhost:3333/:0
[ 2085238ms] [ERROR] Failed to load resource: net::ERR_CONNECTION_REFUSED @ http://localhost:3333/:0
[ 2086241ms] [ERROR] Failed to load resource: net::ERR_CONNECTION_REFUSED @ http://localhost:3333/:0
[ 2087246ms] [ERROR] Failed to load resource: net::ERR_CONNECTION_REFUSED @ http://localhost:3333/:0
[ 2088249ms] [ERROR] Failed to load resource: net::ERR_CONNECTION_REFUSED @ http://localhost:3333/:0
[ 2089251ms] [ERROR] Failed to load resource: net::ERR_CONNECTION_REFUSED @ http://localhost:3333/:0
[ 2090253ms] [ERROR] Failed to load resource: net::ERR_CONNECTION_REFUSED @ http://localhost:3333/:0
[ 2091256ms] [ERROR] Failed to load resource: net::ERR_CONNECTION_REFUSED @ http://localhost:3333/:0
[ 2092259ms] [ERROR] Failed to load resource: net::ERR_CONNECTION_REFUSED @ http://localhost:3333/:0
[ 2093264ms] [ERROR] Failed to load resource: net::ERR_CONNECTION_REFUSED @ http://localhost:3333/:0
[ 2094267ms] [ERROR] Failed to load resource: net::ERR_CONNECTION_REFUSED @ http://localhost:3333/:0
[ 2095271ms] [ERROR] Failed to load resource: net::ERR_CONNECTION_REFUSED @ http://localhost:3333/:0
[ 2096275ms] [ERROR] Failed to load resource: net::ERR_CONNECTION_REFUSED @ http://localhost:3333/:0
[ 2097279ms] [ERROR] Failed to load resource: net::ERR_CONNECTION_REFUSED @ http://localhost:3333/:0
[ 2098282ms] [ERROR] Failed to load resource: net::ERR_CONNECTION_REFUSED @ http://localhost:3333/:0
[ 2099285ms] [ERROR] Failed to load resource: net::ERR_CONNECTION_REFUSED @ http://localhost:3333/:0
[ 2100297ms] [ERROR] Failed to load resource: net::ERR_CONNECTION_REFUSED @ http://localhost:3333/:0
[ 2101301ms] [ERROR] Failed to load resource: net::ERR_CONNECTION_REFUSED @ http://localhost:3333/:0
[ 2102306ms] [ERROR] Failed to load resource: net::ERR_CONNECTION_REFUSED @ http://localhost:3333/:0
[ 2103309ms] [ERROR] Failed to load resource: net::ERR_CONNECTION_REFUSED @ http://localhost:3333/:0
[ 2104313ms] [ERROR] Failed to load resource: net::ERR_CONNECTION_REFUSED @ http://localhost:3333/:0
[ 2105316ms] [ERROR] Failed to load resource: net::ERR_CONNECTION_REFUSED @ http://localhost:3333/:0
[ 2106319ms] [ERROR] Failed to load resource: net::ERR_CONNECTION_REFUSED @ http://localhost:3333/:0
[ 2107321ms] [ERROR] Failed to load resource: net::ERR_CONNECTION_REFUSED @ http://localhost:3333/:0
[ 2108324ms] [ERROR] Failed to load resource: net::ERR_CONNECTION_REFUSED @ http://localhost:3333/:0
[ 2109327ms] [ERROR] Failed to load resource: net::ERR_CONNECTION_REFUSED @ http://localhost:3333/:0
[ 2110329ms] [ERROR] Failed to load resource: net::ERR_CONNECTION_REFUSED @ http://localhost:3333/:0
[ 2111331ms] [ERROR] Failed to load resource: net::ERR_CONNECTION_REFUSED @ http://localhost:3333/:0
[ 2112334ms] [ERROR] Failed to load resource: net::ERR_CONNECTION_REFUSED @ http://localhost:3333/:0
[ 2113337ms] [ERROR] Failed to load resource: net::ERR_CONNECTION_REFUSED @ http://localhost:3333/:0
[ 2114340ms] [ERROR] Failed to load resource: net::ERR_CONNECTION_REFUSED @ http://localhost:3333/:0
[ 2115343ms] [ERROR] Failed to load resource: net::ERR_CONNECTION_REFUSED @ http://localhost:3333/:0
[ 2116345ms] [ERROR] Failed to load resource: net::ERR_CONNECTION_REFUSED @ http://localhost:3333/:0
[ 2117349ms] [ERROR] Failed to load resource: net::ERR_CONNECTION_REFUSED @ http://localhost:3333/:0
[ 2118351ms] [ERROR] Failed to load resource: net::ERR_CONNECTION_REFUSED @ http://localhost:3333/:0
[ 2119354ms] [ERROR] Failed to load resource: net::ERR_CONNECTION_REFUSED @ http://localhost:3333/:0
[ 2120358ms] [ERROR] Failed to load resource: net::ERR_CONNECTION_REFUSED @ http://localhost:3333/:0
[ 2121361ms] [ERROR] Failed to load resource: net::ERR_CONNECTION_REFUSED @ http://localhost:3333/:0
[ 2122363ms] [ERROR] Failed to load resource: net::ERR_CONNECTION_REFUSED @ http://localhost:3333/:0
[ 2123366ms] [ERROR] Failed to load resource: net::ERR_CONNECTION_REFUSED @ http://localhost:3333/:0
[ 2124368ms] [ERROR] Failed to load resource: net::ERR_CONNECTION_REFUSED @ http://localhost:3333/:0
[ 2125369ms] [ERROR] Failed to load resource: net::ERR_CONNECTION_REFUSED @ http://localhost:3333/:0
[ 2126372ms] [ERROR] Failed to load resource: net::ERR_CONNECTION_REFUSED @ http://localhost:3333/:0
[ 2127374ms] [ERROR] Failed to load resource: net::ERR_CONNECTION_REFUSED @ http://localhost:3333/:0
[ 2128377ms] [ERROR] Failed to load resource: net::ERR_CONNECTION_REFUSED @ http://localhost:3333/:0
[ 2129380ms] [ERROR] Failed to load resource: net::ERR_CONNECTION_REFUSED @ http://localhost:3333/:0
[ 2130383ms] [ERROR] Failed to load resource: net::ERR_CONNECTION_REFUSED @ http://localhost:3333/:0
[ 2131386ms] [ERROR] Failed to load resource: net::ERR_CONNECTION_REFUSED @ http://localhost:3333/:0
[ 2132395ms] [ERROR] Failed to load resource: net::ERR_CONNECTION_REFUSED @ http://localhost:3333/:0
[ 2133407ms] [ERROR] Failed to load resource: net::ERR_CONNECTION_REFUSED @ http://localhost:3333/:0
[ 2134422ms] [ERROR] Failed to load resource: net::ERR_CONNECTION_REFUSED @ http://localhost:3333/:0
[ 2135426ms] [ERROR] Failed to load resource: net::ERR_CONNECTION_REFUSED @ http://localhost:3333/:0
[ 2135569ms] [ERROR] Failed to load resource: net::ERR_CONNECTION_REFUSED @ http://localhost:3333/version.json?t=1787797276065:0
[ 2135569ms] [ERROR] 檢查版本更新失敗: TypeError: Failed to fetch
    at checkForUpdates (http://localhost:3333/src/App.vue?t=1787795475431:148:32) @ http://localhost:3333/src/App.vue?t=1787795475431:185
[ 2136429ms] [ERROR] Failed to load resource: net::ERR_CONNECTION_REFUSED @ http://localhost:3333/:0
[ 2137432ms] [ERROR] Failed to load resource: net::ERR_CONNECTION_REFUSED @ http://localhost:3333/:0
[ 2138434ms] [ERROR] Failed to load resource: net::ERR_CONNECTION_REFUSED @ http://localhost:3333/:0
[ 2139437ms] [ERROR] Failed to load resource: net::ERR_CONNECTION_REFUSED @ http://localhost:3333/:0
[ 2140439ms] [ERROR] Failed to load resource: net::ERR_CONNECTION_REFUSED @ http://localhost:3333/:0
[ 2141441ms] [ERROR] Failed to load resource: net::ERR_CONNECTION_REFUSED @ http://localhost:3333/:0
[ 2142443ms] [ERROR] Failed to load resource: net::ERR_CONNECTION_REFUSED @ http://localhost:3333/:0
[ 2143445ms] [ERROR] Failed to load resource: net::ERR_CONNECTION_REFUSED @ http://localhost:3333/:0
[ 2144570ms] [WARNING] maiagentChatbotConfig is empty or webChatId is not provided @ https://chat-dev.maiagent.ai/js/embed.min.js:293
[ 2145917ms] [WARNING] [Vue warn]: onUnmounted is called when there is no active component instance to be associated with. Lifecycle injection APIs can only be used during execution of setup(). If you are using async setup(), make sure to register lifecycle hooks before the first await statement. @ http://localhost:3333/node_modules/.vite/deps/chunk-ABCVWQHN.js?v=00d1777b:2475
[ 2145917ms] [WARNING] [Vue warn]: onUnmounted is called when there is no active component instance to be associated with. Lifecycle injection APIs can only be used during execution of setup(). If you are using async setup(), make sure to register lifecycle hooks before the first await statement. @ http://localhost:3333/node_modules/.vite/deps/chunk-ABCVWQHN.js?v=00d1777b:2475
[ 2145917ms] [WARNING] [Vue warn]: onMounted is called when there is no active component instance to be associated with. Lifecycle injection APIs can only be used during execution of setup(). If you are using async setup(), make sure to register lifecycle hooks before the first await statement. @ http://localhost:3333/node_modules/.vite/deps/chunk-ABCVWQHN.js?v=00d1777b:2475
[ 2145917ms] [WARNING] [Vue warn]: onUnmounted is called when there is no active component instance to be associated with. Lifecycle injection APIs can only be used during execution of setup(). If you are using async setup(), make sure to register lifecycle hooks before the first await statement. @ http://localhost:3333/node_modules/.vite/deps/chunk-ABCVWQHN.js?v=00d1777b:2475
[ 2145917ms] [WARNING] [Vue warn]: onUnmounted is called when there is no active component instance to be associated with. Lifecycle injection APIs can only be used during execution of setup(). If you are using async setup(), make sure to register lifecycle hooks before the first await statement. @ http://localhost:3333/node_modules/.vite/deps/chunk-ABCVWQHN.js?v=00d1777b:2475
[ 2145917ms] [WARNING] [Vue warn]: onUnmounted is called when there is no active component instance to be associated with. Lifecycle injection APIs can only be used during execution of setup(). If you are using async setup(), make sure to register lifecycle hooks before the first await statement. @ http://localhost:3333/node_modules/.vite/deps/chunk-ABCVWQHN.js?v=00d1777b:2475
[ 2145917ms] [WARNING] [Vue warn]: onMounted is called when there is no active component instance to be associated with. Lifecycle injection APIs can only be used during execution of setup(). If you are using async setup(), make sure to register lifecycle hooks before the first await statement. @ http://localhost:3333/node_modules/.vite/deps/chunk-ABCVWQHN.js?v=00d1777b:2475
[ 2145917ms] [WARNING] [Vue warn]: onUnmounted is called when there is no active component instance to be associated with. Lifecycle injection APIs can only be used during execution of setup(). If you are using async setup(), make sure to register lifecycle hooks before the first await statement. @ http://localhost:3333/node_modules/.vite/deps/chunk-ABCVWQHN.js?v=00d1777b:2475
[ 2145917ms] [WARNING] [Vue warn]: onUnmounted is called when there is no active component instance to be associated with. Lifecycle injection APIs can only be used during execution of setup(). If you are using async setup(), make sure to register lifecycle hooks before the first await statement. @ http://localhost:3333/node_modules/.vite/deps/chunk-ABCVWQHN.js?v=00d1777b:2475
[ 2145917ms] [WARNING] [Vue warn]: onUnmounted is called when there is no active component instance to be associated with. Lifecycle injection APIs can only be used during execution of setup(). If you are using async setup(), make sure to register lifecycle hooks before the first await statement. @ http://localhost:3333/node_modules/.vite/deps/chunk-ABCVWQHN.js?v=00d1777b:2475
[ 2145918ms] [WARNING] [Vue warn]: onMounted is called when there is no active component instance to be associated with. Lifecycle injection APIs can only be used during execution of setup(). If you are using async setup(), make sure to register lifecycle hooks before the first await statement. @ http://localhost:3333/node_modules/.vite/deps/chunk-ABCVWQHN.js?v=00d1777b:2475
[ 2145918ms] [WARNING] [Vue warn]: onUnmounted is called when there is no active component instance to be associated with. Lifecycle injection APIs can only be used during execution of setup(). If you are using async setup(), make sure to register lifecycle hooks before the first await statement. @ http://localhost:3333/node_modules/.vite/deps/chunk-ABCVWQHN.js?v=00d1777b:2475
[ 2145918ms] [WARNING] [Vue warn]: onUnmounted is called when there is no active component instance to be associated with. Lifecycle injection APIs can only be used during execution of setup(). If you are using async setup(), make sure to register lifecycle hooks before the first await statement. @ http://localhost:3333/node_modules/.vite/deps/chunk-ABCVWQHN.js?v=00d1777b:2475
[ 2145918ms] [WARNING] [Vue warn]: onUnmounted is called when there is no active component instance to be associated with. Lifecycle injection APIs can only be used during execution of setup(). If you are using async setup(), make sure to register lifecycle hooks before the first await statement. @ http://localhost:3333/node_modules/.vite/deps/chunk-ABCVWQHN.js?v=00d1777b:2475
[ 2145918ms] [WARNING] [Vue warn]: onMounted is called when there is no active component instance to be associated with. Lifecycle injection APIs can only be used during execution of setup(). If you are using async setup(), make sure to register lifecycle hooks before the first await statement. @ http://localhost:3333/node_modules/.vite/deps/chunk-ABCVWQHN.js?v=00d1777b:2475
[ 2145918ms] [WARNING] [Vue warn]: onUnmounted is called when there is no active component instance to be associated with. Lifecycle injection APIs can only be used during execution of setup(). If you are using async setup(), make sure to register lifecycle hooks before the first await statement. @ http://localhost:3333/node_modules/.vite/deps/chunk-ABCVWQHN.js?v=00d1777b:2475
[ 2145918ms] [WARNING] [Vue warn]: onUnmounted is called when there is no active component instance to be associated with. Lifecycle injection APIs can only be used during execution of setup(). If you are using async setup(), make sure to register lifecycle hooks before the first await statement. @ http://localhost:3333/node_modules/.vite/deps/chunk-ABCVWQHN.js?v=00d1777b:2475
[ 2145918ms] [WARNING] [Vue warn]: onUnmounted is called when there is no active component instance to be associated with. Lifecycle injection APIs can only be used during execution of setup(). If you are using async setup(), make sure to register lifecycle hooks before the first await statement. @ http://localhost:3333/node_modules/.vite/deps/chunk-ABCVWQHN.js?v=00d1777b:2475
[ 2145918ms] [WARNING] [Vue warn]: onMounted is called when there is no active component instance to be associated with. Lifecycle injection APIs can only be used during execution of setup(). If you are using async setup(), make sure to register lifecycle hooks before the first await statement. @ http://localhost:3333/node_modules/.vite/deps/chunk-ABCVWQHN.js?v=00d1777b:2475
[ 2145918ms] [WARNING] [Vue warn]: onUnmounted is called when there is no active component instance to be associated with. Lifecycle injection APIs can only be used during execution of setup(). If you are using async setup(), make sure to register lifecycle hooks before the first await statement. @ http://localhost:3333/node_modules/.vite/deps/chunk-ABCVWQHN.js?v=00d1777b:2475
[ 2145918ms] [WARNING] [Vue warn]: onUnmounted is called when there is no active component instance to be associated with. Lifecycle injection APIs can only be used during execution of setup(). If you are using async setup(), make sure to register lifecycle hooks before the first await statement. @ http://localhost:3333/node_modules/.vite/deps/chunk-ABCVWQHN.js?v=00d1777b:2475
[ 2145918ms] [WARNING] [Vue warn]: onUnmounted is called when there is no active component instance to be associated with. Lifecycle injection APIs can only be used during execution of setup(). If you are using async setup(), make sure to register lifecycle hooks before the first await statement. @ http://localhost:3333/node_modules/.vite/deps/chunk-ABCVWQHN.js?v=00d1777b:2475
[ 2145918ms] [WARNING] [Vue warn]: onMounted is called when there is no active component instance to be associated with. Lifecycle injection APIs can only be used during execution of setup(). If you are using async setup(), make sure to register lifecycle hooks before the first await statement. @ http://localhost:3333/node_modules/.vite/deps/chunk-ABCVWQHN.js?v=00d1777b:2475
[ 2145918ms] [WARNING] [Vue warn]: onUnmounted is called when there is no active component instance to be associated with. Lifecycle injection APIs can only be used during execution of setup(). If you are using async setup(), make sure to register lifecycle hooks before the first await statement. @ http://localhost:3333/node_modules/.vite/deps/chunk-ABCVWQHN.js?v=00d1777b:2475
[ 2145919ms] [WARNING] [Vue warn]: onUnmounted is called when there is no active component instance to be associated with. Lifecycle injection APIs can only be used during execution of setup(). If you are using async setup(), make sure to register lifecycle hooks before the first await statement. @ http://localhost:3333/node_modules/.vite/deps/chunk-ABCVWQHN.js?v=00d1777b:2475
[ 2145919ms] [WARNING] [Vue warn]: onUnmounted is called when there is no active component instance to be associated with. Lifecycle injection APIs can only be used during execution of setup(). If you are using async setup(), make sure to register lifecycle hooks before the first await statement. @ http://localhost:3333/node_modules/.vite/deps/chunk-ABCVWQHN.js?v=00d1777b:2475
[ 2145919ms] [WARNING] [Vue warn]: onMounted is called when there is no active component instance to be associated with. Lifecycle injection APIs can only be used during execution of setup(). If you are using async setup(), make sure to register lifecycle hooks before the first await statement. @ http://localhost:3333/node_modules/.vite/deps/chunk-ABCVWQHN.js?v=00d1777b:2475
[ 2145919ms] [WARNING] [Vue warn]: onUnmounted is called when there is no active component instance to be associated with. Lifecycle injection APIs can only be used during execution of setup(). If you are using async setup(), make sure to register lifecycle hooks before the first await statement. @ http://localhost:3333/node_modules/.vite/deps/chunk-ABCVWQHN.js?v=00d1777b:2475
[ 2145919ms] [WARNING] [Vue warn]: onUnmounted is called when there is no active component instance to be associated with. Lifecycle injection APIs can only be used during execution of setup(). If you are using async setup(), make sure to register lifecycle hooks before the first await statement. @ http://localhost:3333/node_modules/.vite/deps/chunk-ABCVWQHN.js?v=00d1777b:2475
[ 2145919ms] [WARNING] [Vue warn]: onUnmounted is called when there is no active component instance to be associated with. Lifecycle injection APIs can only be used during execution of setup(). If you are using async setup(), make sure to register lifecycle hooks before the first await statement. @ http://localhost:3333/node_modules/.vite/deps/chunk-ABCVWQHN.js?v=00d1777b:2475
[ 2145919ms] [WARNING] [Vue warn]: onMounted is called when there is no active component instance to be associated with. Lifecycle injection APIs can only be used during execution of setup(). If you are using async setup(), make sure to register lifecycle hooks before the first await statement. @ http://localhost:3333/node_modules/.vite/deps/chunk-ABCVWQHN.js?v=00d1777b:2475
[ 2145919ms] [WARNING] [Vue warn]: onUnmounted is called when there is no active component instance to be associated with. Lifecycle injection APIs can only be used during execution of setup(). If you are using async setup(), make sure to register lifecycle hooks before the first await statement. @ http://localhost:3333/node_modules/.vite/deps/chunk-ABCVWQHN.js?v=00d1777b:2475
[ 2146047ms] [INFO] [RuntimeConfig] Loaded runtime config: {googleSsoEnabled: true, quickReplyEnabled: false, quickEntryEnabled: true, turnstileSiteKey: 1x00000000000000000000AA} @ http://localhost:3333/src/utils/runtimeConfig.ts:55
[ 2146481ms] [VERBOSE] [DOM] Input elements should have autocomplete attributes (suggested: "current-password"): (More info: https://goo.gl/9p2vKq) %o @ http://localhost:3333/login?redirect=/:0
